# Consolidated File Location List
# Generated after library reorganization on /mnt/photo_drive/photo-scripts
# Total files: 423
# Found: 423
# Not found: 0
# Multiple matches: 2

# Format: OLD_PATH -> NEW_PATH
# Lines starting with ! indicate multiple matches
# Lines starting with X indicate file not found

/mnt/photo_drive/santee-images/1990+/1997/1997-08/1997/1997-08-16_0000_1443x1899_1997_Wedding_Enhanced.jpg
  -> 1990+/1997/1997-08/1997/1997-08-16_0000_1443x1899_1997_Wedding_Enhanced.jpg
/mnt/photo_drive/santee-images/1990+/1997/1997-08/1997/1997-08-30_0000_738x524_1997_Photo 9707-26A.tif
  -> 1990+/1997/1997-08/1997/1997-08-30_0000_738x524_1997_Photo 9707-26A.tif
/mnt/photo_drive/santee-images/1990+/1998/1998-10/1997/1998-10-19_1500_730x520_Photo 97M4-11.tif
  -> 1990+/1998/1998-10/1997/1998-10-19_1500_730x520_Photo 97M4-11.tif
/mnt/photo_drive/santee-images/1990+/1999/1999-01/1995 - China #2/1999-01-05_1551_1012x1473_1995 - China #2_Rex in Tiger Leaping Gorge - 300 dpi.tif
  -> 1990+/1999/1999-01/1995 - China #2/1999-01-05_1551_1012x1473_1995 - China #2_Rex in Tiger Leaping Gorge - 300 dpi.tif
/mnt/photo_drive/santee-images/1990+/1999/1999-07/1999-07 Baby Santee (Colin)/1999-07-08_0000_4560x3424_1999-07 Baby Santee (Colin)_baby santee.tif
  -> 1990+/1999/1999-07/1999-07 Baby Santee (Colin)/1999-07-08_0000_4560x3424_1999-07 Baby Santee (Colin)_baby santee.tif
/mnt/photo_drive/santee-images/1990+/1999/1999-07/1999-07 Baby Santee (Colin)/1999-07-08_0000_461x291_1999-07 Baby Santee (Colin)_pregtest.tif
  -> 1990+/1999/1999-07/1999-07 Baby Santee (Colin)/1999-07-08_0000_461x291_1999-07 Baby Santee (Colin)_pregtest.tif
/mnt/photo_drive/santee-images/2000+/2004/2004-09/2004-09-02 Shower for Kasia/0000-00-00_0000_2048x1536_2004-09-02 Shower for Kasia_DSCN6573.jpg
  -> 2000+/2004/2004-09/2004-09-02 Shower for Kasia/0000-00-00_0000_2048x1536_2004-09-02 Shower for Kasia_DSCN6573.jpg
/mnt/photo_drive/santee-images/2000+/2005/2005-09/IMG_6723.JPG
  -> 2000+/2005/2005-09/IMG_6723.JPG
/mnt/photo_drive/santee-images/2000+/2005/2005-10/IMG_6719.JPG
  -> 2000+/2005/2005-10/IMG_6719.JPG
/mnt/photo_drive/santee-images/2000+/2006/2006-07/2006-07-08 Johann and Jen visit/2006-07-05_1908_1712x2288_2006-07-08 Johann and Jen visit_DEB0480.jpg
  -> 2000+/2006/2006-07/2006-07-08 Johann and Jen visit/2006-07-05_1908_1712x2288_2006-07-08 Johann and Jen visit_DEB0480.jpg
/mnt/photo_drive/santee-images/2000+/2006/2006-08/2001/2006-08-19_1717_2294x3540_scan.jpg
  -> 2000+/2006/2006-08/2001/2006-08-19_1717_2294x3540_scan.jpg
/mnt/photo_drive/santee-images/2000+/2007/2007-03/2007_03_10_05.jpg
  -> 2000+/2007/2007-03/2007_03_10_05.jpg
/mnt/photo_drive/santee-images/2000+/2008/2008-11/2008-11-13 Credit Suisse - IT Expo/2008-11-08_1148_3072x2304_2008-11-13 Credit Suisse - IT Expo_DSCN5241.jpg
  -> 2000+/2008/2008-11/2008-11-13 Credit Suisse - IT Expo_01/2008-11-08_1148_3072x2304_2008-11-13 Credit Suisse - IT Expo_DSCN5241.jpg
/mnt/photo_drive/santee-images/2000+/2009/2009-01/1995 - China #2/2009-01-17_2050_3966x3109_1995 - China #2_scan0004.tif
  -> 2000+/2009/2009-01/1995 - China #2/2009-01-17_2050_3966x3109_1995 - China #2_scan0004.tif
/mnt/photo_drive/santee-images/2000+/2009/2009-06/2009_06_28 003.jpg
  -> 2000+/2009/2009-06/2009_06_28 003.jpg
/mnt/photo_drive/santee-images/2000+/2009/2009-08/2009-08/2009-08-26_1015_297x404_Aug 26, 2009_IMG_0015.jpg
  -> 2000+/2009/2009-08/2009-08/2009-08-26_1015_297x404_Aug 26, 2009_IMG_0015.jpg
/mnt/photo_drive/santee-images/2010+/2011/2011-05/2011-05-28 Illinois Trip/_DSC1944.NEF
  -> 2010+/2011/2011-05/2011-05-28 Illinois Trip_16/_DSC1944.NEF
/mnt/photo_drive/santee-images/2010+/2013/2013-02/2013-01-29 Blue and Gold - Austin Scout Pictures/2013-02-09_1210_960x720_2013-01-29 Blue and Gold - Austin Scout Pictures_Slide208.jpg
  -> 2010+/2013/2013-02/2013-01-29 Blue and Gold - Austin Scout Pictures_05/2013-02-09_1210_960x720_2013-01-29 Blue and Gold - Austin Scout Pictures_Slide208.jpg
/mnt/photo_drive/santee-images/2010+/2014/2014-08/2014-08-17 Austin's 12 yr old trip/2014-08-18_1849_2592x1944_2014-08-17 Austin's 12 yr old trip_DSC02642.jpg
  -> 2010+/2014/2014-08/2014-08-17 Austin's 12 yr old trip_03/2014-08-18_1849_2592x1944_2014-08-17 Austin's 12 yr old trip_DSC02642.jpg
/mnt/photo_drive/santee-images/2010+/2015/2015-07/2015 Debbie iPhone/2015-07-06_2155_3264x2448_2015 Debbie iPhone_IMG_9015.jpg
  -> 2010+/2015/2015-07/2015 Debbie iPhone_01/2015-07-06_2155_3264x2448_2015 Debbie iPhone_IMG_9015.jpg
/mnt/photo_drive/santee-images/2010+/2015/2015-10/Shared Slide Show/2015-10-25_0312_4608x3072_Shared Slide Show_Christmas-4.jpg
  -> 2010+/2015/2015-10/Shared Slide Show/2015-10-25_0312_4608x3072_Shared Slide Show_Christmas-4.jpg
/mnt/photo_drive/santee-images/2010+/2015/2015-10/Shared Slide Show/2015-10-25_0319_4608x3072_Shared Slide Show_Christmas-9.jpg
  -> 2010+/2015/2015-10/Shared Slide Show/2015-10-25_0319_4608x3072_Shared Slide Show_Christmas-9.jpg
/mnt/photo_drive/santee-images/2010+/2015/2015-11/2015-11_DEB/2015-11-26_0211_DEB_1385x2007_IMG_3181.jpg
  -> 2010+/2015/2015-11/2015-11_DEB/2015-11-26_0211_DEB_1385x2007_IMG_3181.jpg
/mnt/photo_drive/santee-images/2010+/2015/2015-11/2015-11/2015-11-07_1814_3264x1836_20151107_181417.jpg
  -> 2010+/2015/2015-11/2015-11_01/2015-11-07_1814_3264x1836_20151107_181417.jpg
/mnt/photo_drive/santee-images/2010+/2016/2016-02/2016-02_DEB/2016-02-21_1702_DEB_4898x3265_IMG_1701.jpg
  -> 2010+/2016/2016-02/2016-02_DEB/2016-02-21_1702_DEB_4898x3265_IMG_1701.jpg
/mnt/photo_drive/santee-images/2010+/2016/2016-08/2016-08_DEB/2016-08-28_1559_DEB_900x1600_ColinMPukele.jpg
  -> 2010+/2016/2016-08/2016-08_DEB/2016-08-28_1559_DEB_900x1600_ColinMPukele.jpg
/mnt/photo_drive/santee-images/2010+/2016/2016-08/2016-08-22 Arriving Peru/2016-08-22_2258_3264x1836_2016-08-22 Arriving Peru_20160822_225803.jpg
  -> 2010+/2016/2016-08/2016-08-22 Arriving Peru/2016-08-22_2258_3264x1836_2016-08-22 Arriving Peru_20160822_225803.jpg
/mnt/photo_drive/santee-images/2010+/2016/2016-08/2016-08-23 Lima to Cuzco/2016-08-23_0837_3264x1836_2016-08-23 Lima to Cuzco_20160823_083720.jpg
  -> 2010+/2016/2016-08/2016-08-23 Lima to Cuzco_01/2016-08-23_0837_3264x1836_2016-08-23 Lima to Cuzco_20160823_083720.jpg
/mnt/photo_drive/santee-images/2010+/2016/2016-08/2016-08-24 Cuzco - Day 1/2016-08-24_0952_3264x1836_2016-08-24 Cuzco - Day 1_20160824_095234.jpg
  -> 2010+/2016/2016-08/2016-08-24 Cuzco - Day 1/2016-08-24_0952_3264x1836_2016-08-24 Cuzco - Day 1_20160824_095234.jpg
/mnt/photo_drive/santee-images/2010+/2016/2016-08/2016-08-24 Cuzco - Day 1/2016-08-24_1033_3264x1836_2016-08-24 Cuzco - Day 1_20160824_103358.jpg
  -> 2010+/2016/2016-08/2016-08-24 Cuzco - Day 1/2016-08-24_1033_3264x1836_2016-08-24 Cuzco - Day 1_20160824_103358.jpg
/mnt/photo_drive/santee-images/2010+/2016/2016-08/2016-08-24 Cuzco - Day 1/2016-08-24_1053_3264x1836_2016-08-24 Cuzco - Day 1_20160824_105318.jpg
  -> 2010+/2016/2016-08/2016-08-24 Cuzco - Day 1/2016-08-24_1053_3264x1836_2016-08-24 Cuzco - Day 1_20160824_105318.jpg
/mnt/photo_drive/santee-images/2010+/2016/2016-08/2016-08-24 Cuzco - Day 1/2016-08-24_1123_3264x1836_2016-08-24 Cuzco - Day 1_20160824_112303.jpg
  -> 2010+/2016/2016-08/2016-08-24 Cuzco - Day 1/2016-08-24_1123_3264x1836_2016-08-24 Cuzco - Day 1_20160824_112303.jpg
/mnt/photo_drive/santee-images/2010+/2016/2016-08/2016-08-24 Cuzco - Day 1/2016-08-24_1128_3264x1836_2016-08-24 Cuzco - Day 1_20160824_112841.jpg
  -> 2010+/2016/2016-08/2016-08-24 Cuzco - Day 1/2016-08-24_1128_3264x1836_2016-08-24 Cuzco - Day 1_20160824_112841.jpg
/mnt/photo_drive/santee-images/2010+/2016/2016-08/2016-08-24 Cuzco - Day 1/2016-08-24_1327_3264x1836_2016-08-24 Cuzco - Day 1_20160824_132752.jpg
  -> 2010+/2016/2016-08/2016-08-24 Cuzco - Day 1/2016-08-24_1327_3264x1836_2016-08-24 Cuzco - Day 1_20160824_132752.jpg
/mnt/photo_drive/santee-images/2010+/2016/2016-08/2016-08-24 Cuzco - Day 1/2016-08-24_1342_3264x1836_2016-08-24 Cuzco - Day 1_20160824_134232.jpg
  -> 2010+/2016/2016-08/2016-08-24 Cuzco - Day 1/2016-08-24_1342_3264x1836_2016-08-24 Cuzco - Day 1_20160824_134232.jpg
/mnt/photo_drive/santee-images/2010+/2016/2016-08/2016-08-25 Cuzco - Day 2/2016-08-25_1111_3264x1836_2016-08-25 Cuzco - Day 2_20160825_111150.jpg
  -> 2010+/2016/2016-08/2016-08-25 Cuzco - Day 2_01/2016-08-25_1111_3264x1836_2016-08-25 Cuzco - Day 2_20160825_111150.jpg
/mnt/photo_drive/santee-images/2010+/2016/2016-08/2016-08-25 Cuzco - Day 2/2016-08-25_1129_3264x1836_2016-08-25 Cuzco - Day 2_20160825_112916.jpg
  -> 2010+/2016/2016-08/2016-08-25 Cuzco - Day 2_01/2016-08-25_1129_3264x1836_2016-08-25 Cuzco - Day 2_20160825_112916.jpg
/mnt/photo_drive/santee-images/2010+/2016/2016-08/2016-08-25 Cuzco - Day 2/2016-08-25_1140_3264x1836_2016-08-25 Cuzco - Day 2_20160825_114017.jpg
  -> 2010+/2016/2016-08/2016-08-25 Cuzco - Day 2_01/2016-08-25_1140_3264x1836_2016-08-25 Cuzco - Day 2_20160825_114017.jpg
/mnt/photo_drive/santee-images/2010+/2016/2016-08/2016-08-25 Cuzco - Day 2/2016-08-25_1146_3264x1836_2016-08-25 Cuzco - Day 2_20160825_114643.jpg
  -> 2010+/2016/2016-08/2016-08-25 Cuzco - Day 2_01/2016-08-25_1146_3264x1836_2016-08-25 Cuzco - Day 2_20160825_114643.jpg
/mnt/photo_drive/santee-images/2010+/2016/2016-08/2016-08-25 Cuzco - Day 2/2016-08-25_1218_3264x1836_2016-08-25 Cuzco - Day 2_20160825_121819.jpg
  -> 2010+/2016/2016-08/2016-08-25 Cuzco - Day 2_01/2016-08-25_1218_3264x1836_2016-08-25 Cuzco - Day 2_20160825_121819.jpg
/mnt/photo_drive/santee-images/2010+/2016/2016-08/2016-08-25 Cuzco - Day 2/2016-08-25_1248_3264x1836_2016-08-25 Cuzco - Day 2_20160825_124858.jpg
  -> 2010+/2016/2016-08/2016-08-25 Cuzco - Day 2_01/2016-08-25_1248_3264x1836_2016-08-25 Cuzco - Day 2_20160825_124858.jpg
/mnt/photo_drive/santee-images/2010+/2016/2016-08/2016-08-25 Cuzco - Day 2/2016-08-25_1306_3264x1836_2016-08-25 Cuzco - Day 2_20160825_130628.jpg
  -> 2010+/2016/2016-08/2016-08-25 Cuzco - Day 2_01/2016-08-25_1306_3264x1836_2016-08-25 Cuzco - Day 2_20160825_130628.jpg
/mnt/photo_drive/santee-images/2010+/2016/2016-08/2016-08-25 Cuzco - Day 2/2016-08-25_1548_3264x1836_2016-08-25 Cuzco - Day 2_20160825_154856.jpg
  -> 2010+/2016/2016-08/2016-08-25 Cuzco - Day 2_01/2016-08-25_1548_3264x1836_2016-08-25 Cuzco - Day 2_20160825_154856.jpg
/mnt/photo_drive/santee-images/2010+/2016/2016-08/2016-08-25 Cuzco - Day 2/2016-08-25_1923_3264x1836_2016-08-25 Cuzco - Day 2_20160825_192351.jpg
  -> 2010+/2016/2016-08/2016-08-25 Cuzco - Day 2_01/2016-08-25_1923_3264x1836_2016-08-25 Cuzco - Day 2_20160825_192351.jpg
/mnt/photo_drive/santee-images/2010+/2016/2016-08/2016-08-25 Cuzco - Day 2/2016-08-25_1923_3264x1836_2016-08-25 Cuzco - Day 2_20160825_192353.jpg
  -> 2010+/2016/2016-08/2016-08-25 Cuzco - Day 2_01/2016-08-25_1923_3264x1836_2016-08-25 Cuzco - Day 2_20160825_192353.jpg
/mnt/photo_drive/santee-images/2010+/2016/2016-08/2016-08-25 Cuzco - Day 2/2016-08-25_1953_3264x1836_2016-08-25 Cuzco - Day 2_20160825_195320.jpg
  -> 2010+/2016/2016-08/2016-08-25 Cuzco - Day 2_02/2016-08-25_1953_3264x1836_2016-08-25 Cuzco - Day 2_20160825_195320.jpg
/mnt/photo_drive/santee-images/2010+/2016/2016-08/2016-08-25 Cuzco - Day 2/2016-08-25_2046_3264x1836_2016-08-25 Cuzco - Day 2_20160825_204650.jpg
  -> 2010+/2016/2016-08/2016-08-25 Cuzco - Day 2_02/2016-08-25_2046_3264x1836_2016-08-25 Cuzco - Day 2_20160825_204650.jpg
/mnt/photo_drive/santee-images/2010+/2016/2016-08/2016-08-25 Cuzco - Day 2/2016-08-25_2055_9472x1632_2016-08-25 Cuzco - Day 2_20160825_205558.jpg
  -> 2010+/2016/2016-08/2016-08-25 Cuzco - Day 2_02/2016-08-25_2055_9472x1632_2016-08-25 Cuzco - Day 2_20160825_205558.jpg
/mnt/photo_drive/santee-images/2010+/2016/2016-08/2016-08-25 Cuzco - Day 2/2016-08-25_2057_3264x1836_2016-08-25 Cuzco - Day 2_20160825_205726.jpg
  -> 2010+/2016/2016-08/2016-08-25 Cuzco - Day 2_02/2016-08-25_2057_3264x1836_2016-08-25 Cuzco - Day 2_20160825_205726.jpg
/mnt/photo_drive/santee-images/2010+/2016/2016-08/2016-08-26 Cuzco - Day 3/2016-08-26_0954_3264x1836_2016-08-26 Cuzco - Day 3_20160826_095407.jpg
  -> 2010+/2016/2016-08/2016-08-26 Cuzco - Day 3_01/2016-08-26_0954_3264x1836_2016-08-26 Cuzco - Day 3_20160826_095407.jpg
/mnt/photo_drive/santee-images/2010+/2016/2016-08/2016-08-26 Cuzco - Day 3/2016-08-26_1002_11824x1680_2016-08-26 Cuzco - Day 3_20160826_100222.jpg
  -> 2010+/2016/2016-08/2016-08-26 Cuzco - Day 3_01/2016-08-26_1002_11824x1680_2016-08-26 Cuzco - Day 3_20160826_100222.jpg
/mnt/photo_drive/santee-images/2010+/2016/2016-08/2016-08-26 Cuzco - Day 3/2016-08-26_1018_3264x1836_2016-08-26 Cuzco - Day 3_20160826_101827.jpg
  -> 2010+/2016/2016-08/2016-08-26 Cuzco - Day 3_01/2016-08-26_1018_3264x1836_2016-08-26 Cuzco - Day 3_20160826_101827.jpg
/mnt/photo_drive/santee-images/2010+/2016/2016-08/2016-08-26 Cuzco - Day 3/2016-08-26_1045_3264x1836_2016-08-26 Cuzco - Day 3_20160826_104519.jpg
  -> 2010+/2016/2016-08/2016-08-26 Cuzco - Day 3_01/2016-08-26_1045_3264x1836_2016-08-26 Cuzco - Day 3_20160826_104519.jpg
/mnt/photo_drive/santee-images/2010+/2016/2016-08/2016-08-26 Cuzco - Day 3/2016-08-26_1110_15472x1648_2016-08-26 Cuzco - Day 3_20160826_111000.jpg
  -> 2010+/2016/2016-08/2016-08-26 Cuzco - Day 3_01/2016-08-26_1110_15472x1648_2016-08-26 Cuzco - Day 3_20160826_111000.jpg
/mnt/photo_drive/santee-images/2010+/2016/2016-08/2016-08-26 Cuzco - Day 3/2016-08-26_1112_3264x1836_2016-08-26 Cuzco - Day 3_20160826_111222.jpg
  -> 2010+/2016/2016-08/2016-08-26 Cuzco - Day 3_01/2016-08-26_1112_3264x1836_2016-08-26 Cuzco - Day 3_20160826_111222.jpg
/mnt/photo_drive/santee-images/2010+/2016/2016-08/2016-08-27 Cuzco - Day 4/2016-08-27_0948_3264x1836_2016-08-27 Cuzco - Day 4_20160827_094835.jpg
  -> 2010+/2016/2016-08/2016-08-27 Cuzco - Day 4/2016-08-27_0948_3264x1836_2016-08-27 Cuzco - Day 4_20160827_094835.jpg
/mnt/photo_drive/santee-images/2010+/2016/2016-08/2016-08-27 Cuzco - Day 4/2016-08-27_1242_3264x1836_2016-08-27 Cuzco - Day 4_20160827_124218.jpg
  -> 2010+/2016/2016-08/2016-08-27 Cuzco - Day 4/2016-08-27_1242_3264x1836_2016-08-27 Cuzco - Day 4_20160827_124218.jpg
/mnt/photo_drive/santee-images/2010+/2016/2016-08/2016-08-28 Trek - Day 1/2016-08-28_0446_3264x1836_2016-08-28 Trek - Day 1_20160828_044654.jpg
  -> 2010+/2016/2016-08/2016-08-28 Trek - Day 1_01/2016-08-28_0446_3264x1836_2016-08-28 Trek - Day 1_20160828_044654.jpg
/mnt/photo_drive/santee-images/2010+/2016/2016-08/2016-08-28 Trek - Day 1/2016-08-28_0651_3264x1836_2016-08-28 Trek - Day 1_20160828_065120.jpg
  -> 2010+/2016/2016-08/2016-08-28 Trek - Day 1_01/2016-08-28_0651_3264x1836_2016-08-28 Trek - Day 1_20160828_065120.jpg
/mnt/photo_drive/santee-images/2010+/2016/2016-08/2016-08-28 Trek - Day 1/2016-08-28_0652_3264x1836_2016-08-28 Trek - Day 1_20160828_065222.jpg
  -> 2010+/2016/2016-08/2016-08-28 Trek - Day 1_01/2016-08-28_0652_3264x1836_2016-08-28 Trek - Day 1_20160828_065222.jpg
/mnt/photo_drive/santee-images/2010+/2016/2016-08/2016-08-28 Trek - Day 1/2016-08-28_0822_3264x1836_2016-08-28 Trek - Day 1_20160828_082216.jpg
  -> 2010+/2016/2016-08/2016-08-28 Trek - Day 1_01/2016-08-28_0822_3264x1836_2016-08-28 Trek - Day 1_20160828_082216.jpg
/mnt/photo_drive/santee-images/2010+/2016/2016-08/2016-08-28 Trek - Day 1/2016-08-28_1508_3264x1836_2016-08-28 Trek - Day 1_20160828_150830.jpg
  -> 2010+/2016/2016-08/2016-08-28 Trek - Day 1_02/2016-08-28_1508_3264x1836_2016-08-28 Trek - Day 1_20160828_150830.jpg
/mnt/photo_drive/santee-images/2010+/2016/2016-08/2016-08-28 Trek - Day 1/2016-08-28_1559_3264x1836_2016-08-28 Trek - Day 1_20160828_155915.jpg
  -> 2010+/2016/2016-08/2016-08-28 Trek - Day 1_02/2016-08-28_1559_3264x1836_2016-08-28 Trek - Day 1_20160828_155915.jpg
/mnt/photo_drive/santee-images/2010+/2016/2016-08/2016-08-28 Trek - Day 1/2016-08-28_1827_3264x1836_2016-08-28 Trek - Day 1_20160828_182716.jpg
  -> 2010+/2016/2016-08/2016-08-28 Trek - Day 1_03/2016-08-28_1827_3264x1836_2016-08-28 Trek - Day 1_20160828_182716.jpg
/mnt/photo_drive/santee-images/2010+/2016/2016-08/2016-08-31 Trek - Day 4/2016-08-31_0915_3264x1836_2016-08-31 Trek - Day 4_20160831_091525.jpg
  -> 2010+/2016/2016-08/2016-08-31 Trek - Day 4_01/2016-08-31_0915_3264x1836_2016-08-31 Trek - Day 4_20160831_091525.jpg
/mnt/photo_drive/santee-images/2010+/2016/2016-09/2016-09-01 Trek - Day 5/2016-09-01_1411_3264x1836_2016-09-01 Trek - Day 5_20160901_141131.jpg
  -> 2010+/2016/2016-09/2016-09-01 Trek - Day 5_04/2016-09-01_1411_3264x1836_2016-09-01 Trek - Day 5_20160901_141131.jpg
/mnt/photo_drive/santee-images/2010+/2016/2016-09/2016-09-01 Trek - Day 5/2016-09-01_1642_1920x1080_2016-09-01 Trek - Day 5_20160901_164216.jpg
  -> 2010+/2016/2016-09/2016-09-01 Trek - Day 5_04/2016-09-01_1642_1920x1080_2016-09-01 Trek - Day 5_20160901_164216.jpg
/mnt/photo_drive/santee-images/2010+/2016/2016-09/2016-09-01 Trek - Day 5/2016-09-01_1830_1920x1080_2016-09-01 Trek - Day 5_20160901_183024.jpg
  -> 2010+/2016/2016-09/2016-09-01 Trek - Day 5_04/2016-09-01_1830_1920x1080_2016-09-01 Trek - Day 5_20160901_183024.jpg
/mnt/photo_drive/santee-images/2010+/2016/2016-11/2016-11_DEB/2016-11-17_1102_DEB_1024x682_IMG_3088 (5).jpg
  -> 2010+/2016/2016-11/2016-11_DEB/2016-11-17_1102_DEB_1024x682_IMG_3088 (5).jpg
/mnt/photo_drive/santee-images/2010+/2017/2017-12/2017-12_DEB/2017-12-31_2355_DEB_4032x3024_IMG_6002.heic
  -> 2010+/2017/2017-12/2017-12_DEB/2017-12-31_2355_DEB_4032x3024_IMG_6002.heic
/mnt/photo_drive/santee-images/2010+/2018/2018-04/IMG_1724.JPG
  -> 2010+/2018/2018-04/IMG_1724.JPG
/mnt/photo_drive/santee-images/2010+/2018/2018-05/2018-05_DEB/2018-05-28_1327_DEB_3088x2320_IMG_3404.heic
  -> 2010+/2018/2018-05/2018-05_DEB/2018-05-28_1327_DEB_3088x2320_IMG_3404.heic
/mnt/photo_drive/santee-images/2010+/2018/2018-06/2018-06_DEB/2018-06-07_1612_DEB_4032x3024_IMG_3805.heic
  -> 2010+/2018/2018-06/2018-06_DEB/2018-06-07_1612_DEB_4032x3024_IMG_3805.heic
/mnt/photo_drive/santee-images/2010+/2018/2018-08/2018-08_DEB/2018-08-02_1646_DEB_1632x1224_IMG_1882.heic
  -> 2010+/2018/2018-08/2018-08_DEB/2018-08-02_1646_DEB_1632x1224_IMG_1882.heic
/mnt/photo_drive/santee-images/2010+/2018/2018-11/2018-11_DEB/2018-11-22_1508_DEB_4032x3024_IMG_1192.heic
  -> 2010+/2018/2018-11/2018-11_DEB/2018-11-22_1508_DEB_4032x3024_IMG_1192.heic
/mnt/photo_drive/santee-images/2020+/2020/2020-06/2020-06_DEB/2020-06-14_1838_DEB_3024x4032_IMG_4289.jpg
  -> 2020+/2020/2020-06/2020-06_DEB/2020-06-14_1838_DEB_3024x4032_IMG_4289.jpg
/mnt/photo_drive/santee-images/2020+/2021/2021-11/2021-11 Rex/2021-11-06_1931_4032x3024_2021-11 Rex_20211106_193136.jpg
  -> 2020+/2021/2021-11/2021-11 Rex_01/2021-11-06_1931_4032x3024_2021-11 Rex_20211106_193136.jpg
/mnt/photo_drive/santee-images/2020+/2021/2021-11/2021-11 Rex/2021-11-06_1933_4032x1960_2021-11 Rex_20211106_193347.jpg
  -> 2020+/2021/2021-11/2021-11 Rex_01/2021-11-06_1933_4032x1960_2021-11 Rex_20211106_193347.jpg
/mnt/photo_drive/santee-images/2020+/2021/2021-12/2021-12 Rex/2021-12-17_0717_4032x1960_2021-12 Rex_20211217_071745.jpg
  -> 2020+/2021/2021-12/2021-12 Rex_01/2021-12-17_0717_4032x1960_2021-12 Rex_20211217_071745.jpg
/mnt/photo_drive/santee-images/2020+/2022/2022-06/Philmont Maps/0705 Day 10 Tue AM Baldy Mountain/0624 Day 0 Fri RDU to Colorado/2022-08-28_1502_3411x1767_0624 Day 0 Fri RDU to Colorado_3.jpg
  -> 2020+/2022/2022-06/0624 Day 0 Fri RDU to Colorado/2022-08-28_1502_3411x1767_0624 Day 0 Fri RDU to Colorado_3.jpg
/mnt/photo_drive/santee-images/2020+/2022/2022-07/0703 Day 8 Sun PM Head of Dean from Pueblano/2022-07-03_1947_4640x1744_0703 Day 8 Sun PM Head of Dean from Pueblano_20220703_194703.jpg
  -> 2020+/2022/2022-07/0703 Day 8 Sun PM Head of Dean from Pueblano_01/2022-07-03_1947_4640x1744_0703 Day 8 Sun PM Head of Dean from Pueblano_20220703_194703.jpg
/mnt/photo_drive/santee-images/2020+/2022/2022-07/0704 Day 9 Mon Ewells Park from Head of Dean via Baldy Town/2022-07-04_1235_4032x3024_0704 Day 9 Mon Ewells Park from Head of Dean via Baldy Town_67865250244__B3A7C57A-C458-4C09-8C01-EE2A834BE945.fullsizerender.heic
  -> 2020+/2022/2022-07/0704 Day 9 Mon Ewells Park from Head of Dean via Baldy Town/2022-07-04_1235_4032x3024_0704 Day 9 Mon Ewells Park from Head of Dean via Baldy Town_67865250244__B3A7C57A-C458-4C09-8C01-EE2A834BE945.fullsizerender.heic
/mnt/photo_drive/santee-images/2020+/2022/2022-07/0705 Day 10 Tue PM Baldy Town to Ewells Park/2022-07-05_1651_4000x1800_0705 Day 10 Tue PM Baldy Town to Ewells Park_20220705_165120.jpg
  -> 2020+/2022/2022-07/0705 Day 10 Tue PM Baldy Town to Ewells Park/2022-07-05_1651_4000x1800_0705 Day 10 Tue PM Baldy Town to Ewells Park_20220705_165120.jpg
/mnt/photo_drive/santee-images/2020+/2022/2022-07/0707 Day 12 Thu Base Camp from Maxwell/2022-07-07_0751_4032x3024_0707 Day 12 Thu Base Camp from Maxwell_IMG_4320.heic
  -> 2020+/2022/2022-07/0707 Day 12 Thu Base Camp from Maxwell_01/2022-07-07_0751_4032x3024_0707 Day 12 Thu Base Camp from Maxwell_IMG_4320.heic
/mnt/photo_drive/santee-images/2020+/2022/2022-09/2022-09_DEB/2022-09-27_1158_4032x3024_2022-09 Deb_IMG_6318.heic
  -> 2020+/2022/2022-09/2022-09_DEB_06/2022-09-27_1158_4032x3024_2022-09 Deb_IMG_6318.heic
/mnt/photo_drive/santee-images/2020+/2022/2022-09/2022-09_DEB/2022-09-27_1158_DEB_4032x3024_IMG_6318.jpg
  -> 2020+/2022/2022-09/2022-09_DEB_06/2022-09-27_1158_DEB_4032x3024_IMG_6318.jpg
/mnt/photo_drive/santee-images/2020+/2022/2022-11/2022-11_DEB/2022-11-01_2144_DEB_960x2079_IMG_1258.jpg
  -> 2020+/2022/2022-11/2022-11_DEB_01/2022-11-01_2144_DEB_960x2079_IMG_1258.jpg
/mnt/photo_drive/santee-images/2020+/2022/2022-11/2022-11_DEB/2022-11-22_2043_DEB_1179x2556_Screenshot 2022-11-22 at 8.42.50 PM.jpg
  -> 2020+/2022/2022-11/2022-11_DEB_09/2022-11-22_2043_DEB_1179x2556_Screenshot 2022-11-22 at 8.42.50 PM.jpg
/mnt/photo_drive/santee-images/2020+/2022/2022-12/2022-12_DEB/2022-12-01_0016_960x2079_2022-12 Deb_IMG_20221201_001606.jpg
  -> 2020+/2022/2022-12/2022-12_DEB_01/2022-12-01_0016_960x2079_2022-12 Deb_IMG_20221201_001606.jpg
/mnt/photo_drive/santee-images/2020+/2022/2022-12/2022-12_DEB/2022-12-03_2032_960x2079_2022-12 Deb_IMG_20221203_203256.png
  -> 2020+/2022/2022-12/2022-12_DEB_02/2022-12-03_2032_960x2079_2022-12 Deb_IMG_20221203_203256.png
/mnt/photo_drive/santee-images/2020+/2022/2022-12/2022-12_DEB/2022-12-10_1156_960x2079_2022-12 Deb_IMG_20221210_115609.jpg
  -> 2020+/2022/2022-12/2022-12_DEB_05/2022-12-10_1156_960x2079_2022-12 Deb_IMG_20221210_115609.jpg
/mnt/photo_drive/santee-images/2020+/2022/2022-12/2022-12_DEB/2022-12-18_1247_960x2079_2022-12 Deb_IMG_20221218_124716.png
  -> 2020+/2022/2022-12/2022-12_DEB_09/2022-12-18_1247_960x2079_2022-12 Deb_IMG_20221218_124716.png
/mnt/photo_drive/santee-images/2020+/2023/2023-01/2023-01 Rex/2023-01-28_1400_4000x3000_2023-01 Rex_20230128_140036.jpg
  -> 2020+/2023/2023-01/2023-01 Rex_03/2023-01-28_1400_4000x3000_2023-01 Rex_20230128_140036.jpg
/mnt/photo_drive/santee-images/2020+/2023/2023-02/2023-02 Rex/2023-02-10_0833_720x1600_2023-02 Rex_Screenshot_20230210_083312_Crossword.jpg
  -> 2020+/2023/2023-02/2023-02 Rex/2023-02-10_0833_720x1600_2023-02 Rex_Screenshot_20230210_083312_Crossword.jpg
/mnt/photo_drive/santee-images/2020+/2023/2023-02/2023-02_DEB/2023-02-17_0930_DEB_644x1395_IMG_2298.jpg
  -> 2020+/2023/2023-02/2023-02_DEB_03/2023-02-17_0930_DEB_644x1395_IMG_2298.jpg
/mnt/photo_drive/santee-images/2020+/2023/2023-02/2023-02_DEB/2023-02-28_2259_DEB_960x2079_IMG_2359.jpg
  -> 2020+/2023/2023-02/2023-02_DEB_05/2023-02-28_2259_DEB_960x2079_IMG_2359.jpg
/mnt/photo_drive/santee-images/2020+/2023/2023-03/2023-03_DEB/2023-03-20_0004_DEB_3264x2448_IMG_0524.heic
  -> 2020+/2023/2023-03/2023-03_DEB_06/2023-03-20_0004_DEB_3264x2448_IMG_0524.heic
/mnt/photo_drive/santee-images/2020+/2023/2023-03/2023-03_DEB/2023-03-26_2355_DEB_3024x4032_IMG_2575_(02).jpg
  -> 2020+/2023/2023-03/2023-03_DEB_07/2023-03-26_2355_DEB_3024x4032_IMG_2575_(02).jpg
/mnt/photo_drive/santee-images/2020+/2023/2023-04/2023-04_DEB/2023-04-22_2246_DEB_3024x4032_IMG_2781_(02).jpg
  -> 2020+/2023/2023-04/2023-04_DEB_06/2023-04-22_2246_DEB_3024x4032_IMG_2781_(02).jpg
/mnt/photo_drive/santee-images/2020+/2023/2023-04/2023-04_DEB/2023-04-23_0745_DEB_960x2079_IMG_2786.png
  -> 2020+/2023/2023-04/2023-04_DEB_06/2023-04-23_0745_DEB_960x2079_IMG_2786.png
/mnt/photo_drive/santee-images/2020+/2023/2023-05/2023-05_DEB/2023-05-14_2026_DEB_960x2079_IMG_2916.jpg
  -> 2020+/2023/2023-05/2023-05_DEB_03/2023-05-14_2026_DEB_960x2079_IMG_2916.jpg
/mnt/photo_drive/santee-images/2020+/2023/2023-05/2023-05_DEB/2023-05-14_2026_DEB_960x2079_IMG_2916.png
  -> 2020+/2023/2023-05/2023-05_DEB_03/2023-05-14_2026_DEB_960x2079_IMG_2916.png
/mnt/photo_drive/santee-images/2020+/2023/2023-06/2023-06 Rex/2023-06-04_1732_720x1600_2023-06 Rex_Screenshot_20230604_173246_Zoho Mail.jpg
  -> 2020+/2023/2023-06/2023-06 Rex_03/2023-06-04_1732_720x1600_2023-06 Rex_Screenshot_20230604_173246_Zoho Mail.jpg
/mnt/photo_drive/santee-images/2020+/2023/2023-06/2023-06 Rex/2023-06-09_1011_4000x3000_2023-06 Rex_20230609_101143.jpg
  -> 2020+/2023/2023-06/2023-06 Rex_07/2023-06-09_1011_4000x3000_2023-06 Rex_20230609_101143.jpg
/mnt/photo_drive/santee-images/2020+/2023/2023-06/2023-06 Rex/2023-06-20_2002_720x1600_2023-06 Rex_Screenshot_20230620_200219_Chrome.jpg
  -> 2020+/2023/2023-06/2023-06 Rex_07/2023-06-20_2002_720x1600_2023-06 Rex_Screenshot_20230620_200219_Chrome.jpg
/mnt/photo_drive/santee-images/2020+/2023/2023-06/2023-06_DEB/2023-06-29_0954_DEB_960x2079_IMG_3440.jpg
  -> 2020+/2023/2023-06/2023-06_DEB_08/2023-06-29_0954_DEB_960x2079_IMG_3440.jpg
/mnt/photo_drive/santee-images/2020+/2023/2023-08/2023-08_DEB/2023-08-16_1751_DEB_3024x4032_IMG_9857.jpg
  -> 2020+/2023/2023-08/2023-08_DEB_03/2023-08-16_1751_DEB_3024x4032_IMG_9857.jpg
/mnt/photo_drive/santee-images/2020+/2023/2023-09/2023-09 Rex/20230902_075710.gif
  -> 2020+/2023/2023-09/2023-09 Rex/20230902_075710.gif
/mnt/photo_drive/santee-images/2020+/2023/2023-09/2023-09_DEB/2023-09-15_1125_DEB_4032x3024_IMG_9196.heic
  -> 2020+/2023/2023-09/2023-09_DEB_02/2023-09-15_1125_DEB_4032x3024_IMG_9196.heic
/mnt/photo_drive/santee-images/2020+/2023/2023-09/2023-09_DEB/2023-09-16_1133_DEB_3024x2792_IMG_3867.jpg
  -> 2020+/2023/2023-09/2023-09_DEB_03/2023-09-16_1133_DEB_3024x2792_IMG_3867.jpg
/mnt/photo_drive/santee-images/2020+/2023/2023-10/2023-10 Rex/2023-10-30_0920_720x1600_2023-10 Rex_Screenshot_20231030_092040_Messages.jpg
  -> 2020+/2023/2023-10/2023-10 Rex/2023-10-30_0920_720x1600_2023-10 Rex_Screenshot_20231030_092040_Messages.jpg
/mnt/photo_drive/santee-images/2020+/2023/2023-10/2023-10_DEB/2023-10-14_1038_DEB_4032x3024_IMG_4065.heic
  -> 2020+/2023/2023-10/2023-10_DEB_05/2023-10-14_1038_DEB_4032x3024_IMG_4065.heic
/mnt/photo_drive/santee-images/2020+/2023/2023-10/2023-10_DEB/2023-10-22_1709_960x2079_2023-10 Deb_IMG_4120.png
  -> 2020+/2023/2023-10/2023-10_DEB_07/2023-10-22_1709_960x2079_2023-10 Deb_IMG_4120.png
/mnt/photo_drive/santee-images/2020+/2023/2023-11/2023-11_DEB/2023-11-02_0822_960x2079_2023-11 Deb_IMG_4146.png
  -> 2020+/2023/2023-11/2023-11_DEB_01/2023-11-02_0822_960x2079_2023-11 Deb_IMG_4146.png
/mnt/photo_drive/santee-images/2020+/2023/2023-11/2023-11_DEB/2023-11-02_2053_960x2079_2023-11 Deb_IMG_4151.png
  -> 2020+/2023/2023-11/2023-11_DEB_01/2023-11-02_2053_960x2079_2023-11 Deb_IMG_4151.png
/mnt/photo_drive/santee-images/2020+/2023/2023-11/2023-11_DEB/2023-11-02_2056_960x2079_2023-11 Deb_IMG_4152.jpg
  -> 2020+/2023/2023-11/2023-11_DEB_01/2023-11-02_2056_960x2079_2023-11 Deb_IMG_4152.jpg
/mnt/photo_drive/santee-images/2020+/2023/2023-11/2023-11_DEB/2023-11-03_1221_DEB_2079x960_IMG_4153.png
  -> 2020+/2023/2023-11/2023-11_DEB_01/2023-11-03_1221_DEB_2079x960_IMG_4153.png
/mnt/photo_drive/santee-images/2020+/2023/2023-11/2023-11_DEB/2023-11-06_0956_960x2079_2023-11 Deb_IMG_4168.jpg
  -> 2020+/2023/2023-11/2023-11_DEB_01/2023-11-06_0956_960x2079_2023-11 Deb_IMG_4168.jpg
/mnt/photo_drive/santee-images/2020+/2023/2023-11/2023-11_DEB/2023-11-06_1941_960x2079_2023-11 Deb_IMG_4169.png
  -> 2020+/2023/2023-11/2023-11_DEB_01/2023-11-06_1941_960x2079_2023-11 Deb_IMG_4169.png
/mnt/photo_drive/santee-images/2020+/2023/2023-11/2023-11_DEB/2023-11-21_2301_960x2079_2023-11 Deb_IMG_4247.png
  -> 2020+/2023/2023-11/2023-11_DEB_04/2023-11-21_2301_960x2079_2023-11 Deb_IMG_4247.png
/mnt/photo_drive/santee-images/2020+/2023/2023-11/2023-11_DEB/2023-11-22_1650_DEB_960x2079_IMG_4257.png
  -> 2020+/2023/2023-11/2023-11_DEB_04/2023-11-22_1650_DEB_960x2079_IMG_4257.png
/mnt/photo_drive/santee-images/2020+/2023/2023-11/2023-11_DEB/2023-11-26_0911_DEB_960x2079_IMG_4274.png
  -> 2020+/2023/2023-11/2023-11_DEB_05/2023-11-26_0911_DEB_960x2079_IMG_4274.png
/mnt/photo_drive/santee-images/2020+/2023/2023-12/2023-12_DEB/2023-12-11_1947_DEB_3024x4032_IMG_1507.jpg
  -> 2020+/2023/2023-12/2023-12_DEB_02/2023-12-11_1947_DEB_3024x4032_IMG_1507.jpg
/mnt/photo_drive/santee-images/2020+/2024/2024-02/2024-02_DEB/2024-02-13_1658_DEB_4032x3024_IMG_6535.heic
  -> 2020+/2024/2024-02/2024-02_DEB_02/2024-02-13_1658_DEB_4032x3024_IMG_6535.heic
/mnt/photo_drive/santee-images/2020+/2024/2024-02/2024-02_DEB/2024-02-23_2045_DEB_4032x3024_IMG_4950.heic
  -> 2020+/2024/2024-02/2024-02_DEB_03/2024-02-23_2045_DEB_4032x3024_IMG_4950.heic
/mnt/photo_drive/santee-images/2020+/2024/2024-02/IMG_6535.heic
  -> 2020+/2024/2024-02/IMG_6535.heic
/mnt/photo_drive/santee-images/2020+/2024/2024-03/2024-03_DEB/2024-03-26_0857_DEB_960x2079_IMG_5255.jpg
  -> 2020+/2024/2024-03/2024-03_DEB_06/2024-03-26_0857_DEB_960x2079_IMG_5255.jpg
/mnt/photo_drive/santee-images/2020+/2024/2024-03/2024-03_DEB/2024-03-26_0857_DEB_960x2079_IMG_5255.png
  -> 2020+/2024/2024-03/2024-03_DEB_06/2024-03-26_0857_DEB_960x2079_IMG_5255.png
/mnt/photo_drive/santee-images/2020+/2024/2024-03/2024-03_DEB/2024-03-26_1654_DEB_960x2079_IMG_5259.jpg
  -> 2020+/2024/2024-03/2024-03_DEB_06/2024-03-26_1654_DEB_960x2079_IMG_5259.jpg
/mnt/photo_drive/santee-images/2020+/2024/2024-03/IMG_5001.JPG
  -> 2020+/2024/2024-03/IMG_5001.JPG
/mnt/photo_drive/santee-images/2020+/2024/2024-03/IMG_5125.HEIC
  -> 2020+/2024/2024-03/IMG_5125.HEIC
/mnt/photo_drive/santee-images/2020+/2024/2024-03/IMG_5189.HEIC
  -> 2020+/2024/2024-03/IMG_5189.HEIC
/mnt/photo_drive/santee-images/2020+/2024/2024-07/20240721_110134.jpg
  -> 2020+/2024/2024-07_02/20240721_110134.jpg
/mnt/photo_drive/santee-images/2020+/2024/2024-07/Screenshots/Screenshot_20240721_090010_American Airlines.jpg
  -> 2020+/2024/2024-07/Screenshots/Screenshot_20240721_090010_American Airlines.jpg
/mnt/photo_drive/santee-images/2020+/2024/2024-08/2024-08_DEB/2024-08-21_1700_DEB_3024x4032_IMG_4594.jpg
  -> 2020+/2024/2024-08/2024-08_DEB_06/2024-08-21_1700_DEB_3024x4032_IMG_4594.jpg
/mnt/photo_drive/santee-images/2020+/2024/2024-08/2024-08_DEB/2024-08-24_1210_DEB_4032x3024_IMG_4645.jpg
  -> 2020+/2024/2024-08/2024-08_DEB_06/2024-08-24_1210_DEB_4032x3024_IMG_4645.jpg
/mnt/photo_drive/santee-images/2020+/2024/2024-08/Download/image_fx_ (1).jpg
  -> 2020+/2024/2024-08/Download/image_fx_ (1).jpg
/mnt/photo_drive/santee-images/2020+/2024/2024-08/Rex Phone/Screenshot 2024-08-20 at 7.51.41 PM.png
  -> 2020+/2024/2024-08/Rex Phone/Screenshot 2024-08-20 at 7.51.41 PM.png
/mnt/photo_drive/santee-images/2020+/2024/2024-10/Screenshots/Screenshot_20241029_103101_One UI Home.jpg
  -> 2020+/2024/2024-10/Screenshots/Screenshot_20241029_103101_One UI Home.jpg
/mnt/photo_drive/santee-images/2020+/2024/2024-11/2024-11_DEB/2024-11-24_2157_DEB_4032x3024_IMG_7402.jpg
  -> 2020+/2024/2024-11/2024-11_DEB_03/2024-11-24_2157_DEB_4032x3024_IMG_7402.jpg
/mnt/photo_drive/santee-images/2020+/2024/2024-11/20241124_181039.jpg
  -> 2020+/2024/2024-11_02/20241124_181039.jpg
/mnt/photo_drive/santee-images/2020+/2024/2024-12/2024-12_DEB/2024-12-18_1355_DEB_3024x4032_IMG_7610.jpg
  -> 2020+/2024/2024-12/2024-12_DEB_03/2024-12-18_1355_DEB_3024x4032_IMG_7610.jpg
/mnt/photo_drive/santee-images/2020+/2024/2024-12/2024-12_DEB/2024-12-19_0042_DEB_254x549_IMG_7617.jpg
  -> 2020+/2024/2024-12/2024-12_DEB_03/2024-12-19_0042_DEB_254x549_IMG_7617.jpg
/mnt/photo_drive/santee-images/2020+/2024/2024-12/2024-12_DEB/2024-12-19_1124_DEB_4032x3024_IMG_7619.heic
  -> 2020+/2024/2024-12/2024-12_DEB_03/2024-12-19_1124_DEB_4032x3024_IMG_7619.heic
/mnt/photo_drive/santee-images/2020+/2024/2024-12/2024-12_DEB/2024-12-23_1800_DEB_960x2079_IMG_7636.png
  -> 2020+/2024/2024-12/2024-12_DEB_03/2024-12-23_1800_DEB_960x2079_IMG_7636.png
/mnt/photo_drive/santee-images/2020+/2025/2025-01/20250108_073742.jpg
  -> 2020+/2025/2025-01_02/20250108_073742.jpg
/mnt/photo_drive/santee-images/2020+/2025/2025-01/DSCF0019.JPG.jpeg
  -> 2020+/2025/2025-01_04/DSCF0019.JPG.jpeg
/mnt/photo_drive/santee-images/2020+/2025/2025-01/DSCF0107.jpeg
  -> 2020+/2025/2025-01_04/DSCF0107.jpeg
/mnt/photo_drive/santee-images/2020+/2025/2025-01/FullSizeRender.jpeg
  -> 2020+/2025/2025-01_04/FullSizeRender.jpeg
/mnt/photo_drive/santee-images/2020+/2025/2025-01/GaiaGPS/20250101_133716_large.jpg_large.jpg
  -> 2020+/2025/2025-01/GaiaGPS/20250101_133716_large.jpg_large.jpg
/mnt/photo_drive/santee-images/2020+/2025/2025-01/Screenshots/Screenshot_20250109_130125_One UI Home.jpg
  -> 2020+/2025/2025-01/Screenshots/Screenshot_20250109_130125_One UI Home.jpg
/mnt/photo_drive/santee-images/2020+/2025/2025-02/IMG_3780.jpeg
  -> 2020+/2025/2025-02_07/IMG_3780.jpeg
/mnt/photo_drive/santee-images/2020+/2025/2025-02/IMG_7968.PNG
  -> 2020+/2025/2025-02_01/IMG_7968.PNG
/mnt/photo_drive/santee-images/2020+/2025/2025-02/IMG_8215.HEIC
  -> 2020+/2025/2025-02_07/IMG_8215.HEIC
/mnt/photo_drive/santee-images/2020+/2025/2025-02/IMG_8253.JPG
  -> 2020+/2025/2025-02_06/IMG_8253.JPG
/mnt/photo_drive/santee-images/2020+/2025/2025-02/IMG_8284.HEIC
  -> 2020+/2025/2025-02_07/IMG_8284.HEIC
/mnt/photo_drive/santee-images/2020+/2025/2025-03/2025-03_DEB/2025-03-01_1204_DEB_960x2079_IMG_8289.png
  -> 2020+/2025/2025-03/2025-03_DEB/2025-03-01_1204_DEB_960x2079_IMG_8289.png
/mnt/photo_drive/santee-images/2020+/2025/2025-03/IMG_1704.jpeg
  -> 2020+/2025/2025-03_02/IMG_1704.jpeg
/mnt/photo_drive/santee-images/2020+/2025/2025-03/IMG_8331.JPG
  -> 2020+/2025/2025-03_04/IMG_8331.JPG
/mnt/photo_drive/santee-images/2020+/2025/2025-03/IMG_8338.HEIC
  -> 2020+/2025/2025-03_01/IMG_8338.HEIC
/mnt/photo_drive/santee-images/2020+/2025/2025-04/2025-04_DEB/2025-04-20_1222_DEB_4032x3024_IMG_3544.heic
  -> 2020+/2025/2025-04/2025-04_DEB_03/2025-04-20_1222_DEB_4032x3024_IMG_3544.heic
/mnt/photo_drive/santee-images/2020+/2025/2025-04/2025-06_DEB/2025-06-18_0001_DEB_2048x1536_8463212806384643145.jpg
  -> 2020+/2025/2025-04/2025-06_DEB/2025-06-18_0001_DEB_2048x1536_8463212806384643145.jpg
/mnt/photo_drive/santee-images/2020+/2025/2025-05/2025-05_DEB/2025-05-11/2025-05-10_1712_DEB_5712x4284_IMG_3691.HEIC.heic
  -> 2020+/2025/2025-05/2025-05-11/2025-05-10_1712_DEB_5712x4284_IMG_3691.HEIC.heic
/mnt/photo_drive/santee-images/2020+/2025/2025-05/2025-05/2025-05-15/IMG_1735.heic
  -> 2020+/2025/2025-05/2025-05-15/IMG_1735.heic
/mnt/photo_drive/santee-images/2020+/2025/2025-06/2022-07_DEB/2022-07-05_1304_DEB_2560x1152_Resized_20220705_110313.jpg
  -> 2020+/2025/2025-06/2022-07_DEB/2022-07-05_1304_DEB_2560x1152_Resized_20220705_110313.jpg
/mnt/photo_drive/santee-images/2020+/2025/2025-06/2023-04_DEB/2023-04-07_1804_DEB_584x629_Resized_20230407_180317.jpg
  -> 2020+/2025/2025-06/2023-04_DEB/2023-04-07_1804_DEB_584x629_Resized_20230407_180317.jpg
/mnt/photo_drive/santee-images/2020+/2025/2025-06/2023-11_DEB/2025-06-24_0648_960x2079_2023-11 Deb_IMG_3993.jpg
  -> 2020+/2025/2025-06/2023-11_DEB/2025-06-24_0648_960x2079_2023-11 Deb_IMG_3993.jpg
/mnt/photo_drive/santee-images/2020+/2025/2025-06/20240826_113108.gif
  -> 2020+/2025/2025-06_01/20240826_113108.gif
/mnt/photo_drive/santee-images/2020+/2025/2025-06/20240901_163233.gif
  -> 2020+/2025/2025-06_01/20240901_163233.gif
/mnt/photo_drive/santee-images/2020+/2025/2025-06/2025-06_DEB/2025-06-07_1936_DEB_4032x3024_IMG_9049.heic
  -> 2020+/2025/2025-06/2025-06_DEB_02/2025-06-07_1936_DEB_4032x3024_IMG_9049.heic
/mnt/photo_drive/santee-images/2020+/2025/2025-06/2025-06_DEB/2025-06-17_2245_DEB_3000x2400_6424844540964347768.png
  -> 2020+/2025/2025-06/2025-06_DEB_02/2025-06-17_2245_DEB_3000x2400_6424844540964347768.png
/mnt/photo_drive/santee-images/2020+/2025/2025-06/2025-06_DEB/2025-06-17_2343_DEB_500x500_Untitled design.png
  -> 2020+/2025/2025-06/2025-06_DEB_02/2025-06-17_2343_DEB_500x500_Untitled design.png
/mnt/photo_drive/santee-images/2020+/2025/2025-06/Mom's Photos/2025-06-27_2332_Mom's Photos_._Christmas-1.jpg
  -> 2020+/2025/2025-06/Mom's Photos/2025-06-27_2332_Mom's Photos_._Christmas-1.jpg
/mnt/photo_drive/santee-images/2020+/2025/2025-08/IMG_20250816_195856925_HDR_AE.jpg
  -> 2020+/2025/2025-08_04/IMG_20250816_195856925_HDR_AE.jpg
/mnt/photo_drive/santee-images/2020+/2025/2025-08/IMG_7294.png
  -> 2020+/2025/2025-08_06/IMG_7294.png
/mnt/photo_drive/santee-images/2020+/2025/2025-08/IMG_9545.HEIC
  -> 2020+/2025/2025-08_05/IMG_9545.HEIC
/mnt/photo_drive/santee-images/2020+/2025/2025-08/Resized_20250818_132710.jpeg
  -> 2020+/2025/2025-08_06/Resized_20250818_132710.jpeg
/mnt/photo_drive/santee-images/2020+/2025/2025-08/Screenshots/Screenshot_20250816-203414.Nova Launcher.png
  -> 2020+/2025/2025-08/Screenshots/Screenshot_20250816-203414.Nova Launcher.png
/mnt/photo_drive/santee-images/2020+/2025/2025-09/GroupMe/IMG6988773438002499854.jpg
  -> 2020+/2025/2025-09/GroupMe/IMG6988773438002499854.jpg
/mnt/photo_drive/santee-images/2020+/2025/2025-09/IMG_9742.PNG
  -> 2020+/2025/2025-09_05/IMG_9742.PNG
/mnt/photo_drive/santee-images/2020+/2025/2025-09/Screenshots/Screenshot_20250914-151424.Google Play services.png
  -> 2020+/2025/2025-09/Screenshots/Screenshot_20250914-151424.Google Play services.png
/mnt/photo_drive/santee-images/2020+/2025/2025-10/2025-10/2025-10-10_2159_DEB_960x1520_2025-10_IMG_9796.jpg
  -> 2020+/2025/2025-10/2025-10_01/2025-10-10_2159_DEB_960x1520_2025-10_IMG_9796.jpg
/mnt/photo_drive/santee-images/2020+/2025/2025-10/2025-10/2025-10-22_1416_DEB_3088x2316_2025-10_IMG_9944.heic
  -> 2020+/2025/2025-10/2025-10_03/2025-10-22_1416_DEB_3088x2316_2025-10_IMG_9944.heic
/mnt/photo_drive/santee-images/2020+/2025/2025-10/2025-10/2025-10-31_1736_DEB_4032x3024_2025-10_IMG_4939.HEIC.heic
  -> 2020+/2025/2025-10/2025-10_05/2025-10-31_1736_DEB_4032x3024_2025-10_IMG_4939.HEIC.heic
/mnt/photo_drive/santee-images/2020+/2025/2025-10/2025-10/2025-10-31_1945_DEB_5712x4284_2025-10_IMG_4677.heic
  -> 2020+/2025/2025-10/2025-10_05/2025-10-31_1945_DEB_5712x4284_2025-10_IMG_4677.heic
/mnt/photo_drive/santee-images/2020+/2025/2025-10/2025-10/2025-10-31_2111_DEB_1104x1484_2025-10_IMG_4485.jpg
  -> 2020+/2025/2025-10/2025-10_05/2025-10-31_2111_DEB_1104x1484_2025-10_IMG_4485.jpg
/mnt/photo_drive/santee-images/2020+/2025/2025-10/2025-10/2025-10-31_2129_DEB_960x2079_2025-10_IMG_0032.png
  -> 2020+/2025/2025-10/2025-10_05/2025-10-31_2129_DEB_960x2079_2025-10_IMG_0032.png
/mnt/photo_drive/santee-images/2020+/2025/2025-10/Higgins-Nana 22/Image-17.heic
  -> 2020+/2025/2025-10/Higgins-Nana 22/Image-17.heic
/mnt/photo_drive/santee-images/2020+/2025/2025-10/IMG_0906.HEIC
  -> 2020+/2025/2025-10_02/IMG_0906.HEIC
/mnt/photo_drive/santee-images/2020+/2025/2025-10/IMG_20251005_082225088_AE.jpg
  -> 2020+/2025/2025-10_01/IMG_20251005_082225088_AE.jpg
/mnt/photo_drive/santee-images/2020+/2025/2025-10/IMG_20251007_071126440_AE.jpg
  -> 2020+/2025/2025-10_01/IMG_20251007_071126440_AE.jpg
/mnt/photo_drive/santee-images/2020+/2025/2025-10/IMG_4672.jpg
  -> 2020+/2025/2025-10_02/IMG_4672.jpg
/mnt/photo_drive/santee-images/2020+/2025/2025-10/IMG_4699.JPG
  -> 2020+/2025/2025-10_02/IMG_4699.JPG
/mnt/photo_drive/santee-images/2020+/2025/2025-10/IMG_9776.HEIC
  -> 2020+/2025/2025-10_01/IMG_9776.HEIC
/mnt/photo_drive/santee-images/2020+/2025/2025-10/IMG_9777.PNG
  -> 2020+/2025/2025-10_01/IMG_9777.PNG
/mnt/photo_drive/santee-images/2020+/2025/2025-10/IMG_9784.HEIC
  -> 2020+/2025/2025-10_01/IMG_9784.HEIC
/mnt/photo_drive/santee-images/2020+/2025/2025-10/IMG_9791.HEIC
  -> 2020+/2025/2025-10_01/IMG_9791.HEIC
/mnt/photo_drive/santee-images/2020+/2025/2025-10/Resized_20240406_185523.jpeg
  -> 2020+/2025/2025-10_02/Resized_20240406_185523.jpeg
/mnt/photo_drive/santee-images/2020+/2025/2025-10/Trash/IMG_9770.PNG
  -> 2020+/2025/2025-10/Trash/IMG_9770.PNG
/mnt/photo_drive/santee-images/2020+/2025/2025-10/Trash/IMG_9773.HEIC
  -> 2020+/2025/2025-10/Trash/IMG_9773.HEIC
/mnt/photo_drive/santee-images/2020+/2025/2025-11/2025-11/2025-11-01_2045_DEB_960x2079_2025-11_IMG_0040.png
  -> 2020+/2025/2025-11/2025-11_01/2025-11-01_2045_DEB_960x2079_2025-11_IMG_0040.png
/mnt/photo_drive/santee-images/2020+/2025/2025-11/2025-11/2025-11-15_1523_DEB_2783x1901_2025-11_IMG_4210.heic
  -> 2020+/2025/2025-11/2025-11_03/2025-11-15_1523_DEB_2783x1901_2025-11_IMG_4210.heic
/mnt/photo_drive/santee-images/2020+/2025/2025-11/2025-11/2025-11-25_1407_DEB_960x2079_2025-11_IMG_0304.png
  -> 2020+/2025/2025-11/2025-11_05/2025-11-25_1407_DEB_960x2079_2025-11_IMG_0304.png
/mnt/photo_drive/santee-images/2020+/2025/2025-11/2025-11/2025-11-28_1229_DEB_2337x3113_2025-11_IMG_5182.heic.heic
  -> 2020+/2025/2025-11/2025-11_06/2025-11-28_1229_DEB_2337x3113_2025-11_IMG_5182.heic.heic
/mnt/photo_drive/santee-images/2020+/2025/2025-12/2025-12/2025-12-07_1930_DEB_960x2079_2025-12_IMG_0431.png
  -> 2020+/2025/2025-12/2025-12_01/2025-12-07_1930_DEB_960x2079_2025-12_IMG_0431.png
/mnt/photo_drive/santee-images/2020+/2025/2025-12/2025-12/2025-12-07_1931_DEB_960x2079_2025-12_IMG_0432.png
  -> 2020+/2025/2025-12/2025-12_01/2025-12-07_1931_DEB_960x2079_2025-12_IMG_0432.png
/mnt/photo_drive/santee-images/2020+/2025/2025-12/2025-12/2025-12-19_1635_DEB_1536x2048_2025-12_DSCF0635.jpg
  -> 2020+/2025/2025-12/2025-12_07/2025-12-19_1635_DEB_1536x2048_2025-12_DSCF0635.jpg
/mnt/photo_drive/santee-images/2020+/2025/2025-12/2025-12/2025-12-21_0720_DEB_960x2079_2025-12_IMG_0660.png
  -> 2020+/2025/2025-12/2025-12_11/2025-12-21_0720_DEB_960x2079_2025-12_IMG_0660.png
/mnt/photo_drive/santee-images/2020+/2025/2025-12/2025-12/2025-12-21_1516_DEB_960x1430_2025-12_IMG_0687.jpg
  -> 2020+/2025/2025-12/2025-12_12/2025-12-21_1516_DEB_960x1430_2025-12_IMG_0687.jpg
/mnt/photo_drive/santee-images/2020+/2025/2025-12/2025-12/2025-12-26_1026_DEB_960x2079_2025-12_IMG_0745.png
  -> 2020+/2025/2025-12/2025-12_13/2025-12-26_1026_DEB_960x2079_2025-12_IMG_0745.png
/mnt/photo_drive/santee-images/2020+/2025/2025-12/2025-12/2025-12-28_2320_DEB_4032x3024_2025-12_IMG_0788.heic
  -> 2020+/2025/2025-12/2025-12_14/2025-12-28_2320_DEB_4032x3024_2025-12_IMG_0788.heic
/mnt/photo_drive/santee-images/2020+/2025/2025-12/2025-12/2025-12-29_1621_DEB_960x1609_2025-12_IMG_0791.jpg
  -> 2020+/2025/2025-12/2025-12_14/2025-12-29_1621_DEB_960x1609_2025-12_IMG_0791.jpg
/mnt/photo_drive/santee-images/2020+/2025/2025-12/2025-12/2025-12-30_1641_DEB_960x2079_2025-12_IMG_0815.png
  -> 2020+/2025/2025-12/2025-12_14/2025-12-30_1641_DEB_960x2079_2025-12_IMG_0815.png
/mnt/photo_drive/santee-images/2020+/2025/2025-12/2025-12/2025-12-31_1643_DEB_4032x3024_2025-12_IMG_0827.heic
  -> 2020+/2025/2025-12/2025-12_14/2025-12-31_1643_DEB_4032x3024_2025-12_IMG_0827.heic
/mnt/photo_drive/santee-images/2020+/2026/2026-01/2026-01/2026-01-03_1438_DEB_960x2079_2026-01_IMG_0856.png
  -> 2020+/2026/2026-01/2026-01_01/2026-01-03_1438_DEB_960x2079_2026-01_IMG_0856.png
/mnt/photo_drive/santee-images/2020+/2026/2026-01/2026-01/2026-01-04_1531_DEB_4032x3024_2026-01_IMG_1324.heic
  -> 2020+/2026/2026-01/2026-01_01/2026-01-04_1531_DEB_4032x3024_2026-01_IMG_1324.heic
/mnt/photo_drive/santee-images/2020+/2026/2026-01/2026-01/2026-01-04_1640_DEB_640x480_2026-01_C.O.M..heic
  -> 2020+/2026/2026-01/2026-01_03/2026-01-04_1640_DEB_640x480_2026-01_C.O.M..heic
/mnt/photo_drive/santee-images/2020+/2026/2026-01/2026-01/2026-01-04_1641_DEB_320x214_2026-01_IMG_1346.jpg
  -> 2020+/2026/2026-01/2026-01_03/2026-01-04_1641_DEB_320x214_2026-01_IMG_1346.jpg
/mnt/photo_drive/santee-images/2020+/2026/2026-01/2026-01/2026-01-04_1641_DEB_3264x2448_2026-01_IMG_3169.jpg
  -> 2020+/2026/2026-01/2026-01_04/2026-01-04_1641_DEB_3264x2448_2026-01_IMG_3169.jpg
/mnt/photo_drive/santee-images/2020+/2026/2026-01/2026-01/2026-01-04_1641_DEB_4000x3091_2026-01_FINAL+Structured+Literacy+Grounded+in+the+Science+of+Reading+SOR+V19+PRINT_Part1.pdf.png
  -> 2020+/2026/2026-01/2026-01_03/2026-01-04_1641_DEB_4000x3091_2026-01_FINAL+Structured+Literacy+Grounded+in+the+Science+of+Reading+SOR+V19+PRINT_Part1.pdf.png
/mnt/photo_drive/santee-images/2020+/2026/2026-01/2026-01/2026-01-04_1641_DEB_960x1344_2026-01_IMG_0236.jpg
  -> 2020+/2026/2026-01/2026-01_03/2026-01-04_1641_DEB_960x1344_2026-01_IMG_0236.jpg
/mnt/photo_drive/santee-images/2020+/2026/2026-01/2026-01/2026-01-04_1642_DEB_741x1359_2026-01_IMG_0159.jpg
  -> 2020+/2026/2026-01/2026-01_04/2026-01-04_1642_DEB_741x1359_2026-01_IMG_0159.jpg
/mnt/photo_drive/santee-images/2020+/2026/2026-01/2026-01/2026-01-04_1642_DEB_960x932_2026-01_IMG_0026.jpg
  -> 2020+/2026/2026-01/2026-01_04/2026-01-04_1642_DEB_960x932_2026-01_IMG_0026.jpg
2000+/2004/2004-01/2004-01-03/2004-01-03_1503_2048x1536_DSCN5594.jpg
  -> 2000+/2004/2004-01/2004-01-03/2004-01-03_1503_2048x1536_DSCN5594.jpg
2000+/2004/2004-01/2004-01-10 Late Christmas at Higgins/2004-01-10_0808_2048x1536_2004-01-10 Late Christmas at Higgins_DSCN5688.jpg
  -> 2000+/2004/2004-01/2004-01-10 Late Christmas at Higgins/2004-01-10_0808_2048x1536_2004-01-10 Late Christmas at Higgins_DSCN5688.jpg
2000+/2004/2004-01/2004-01-17 Record cold snowstorm/2004-01-15_0959_2048x1536_2004-01-17 Record cold snowstorm_DSCN5706.jpg
  -> 2000+/2004/2004-01/2004-01-17 Record cold snowstorm/2004-01-15_0959_2048x1536_2004-01-17 Record cold snowstorm_DSCN5706.jpg
2000+/2004/2004-01/2004-01-25 Debbie's birthday/2004-01-25_1653_2048x1536_2004-01-25 Debbie's birthday_DSCN5727.jpg
  -> 2000+/2004/2004-01/2004-01-25 Debbie's birthday/2004-01-25_1653_2048x1536_2004-01-25 Debbie's birthday_DSCN5727.jpg
2000+/2004/2004-01/2004-02-01 Snow pics from Ushi/2004-01-30_1205_1536x2048_2004-02-01 Snow pics from Ushi_DSCN5748.jpg
  -> 2000+/2004/2004-01/2004-02-01 Snow pics from Ushi/2004-01-30_1205_1536x2048_2004-02-01 Snow pics from Ushi_DSCN5748.jpg
! 2000+/2004/2004-01/Colin superman knight 2004-COLLAGE.jpg
  -> 2000+/2004/2004-01/Colin superman knight 2004-COLLAGE.jpg (Multiple matches (2))
! 2000+/2004/2004-01/Photos from 2021/Colin superman knight 2004-COLLAGE.jpg
  -> 2000+/2004/2004-01/Colin superman knight 2004-COLLAGE.jpg (Multiple matches (2))
2000+/2004/2004-02/2004-02-01 Snow pics from Ushi/0000-00-00_0000_2048x1536_2004-02-01 Snow pics from Ushi_Snow 030.jpg
  -> 2000+/2004/2004-02/2004-02-01 Snow pics from Ushi/0000-00-00_0000_2048x1536_2004-02-01 Snow pics from Ushi_Snow 030.jpg
2000+/2004/2004-02/2004-02-06 Rescue Heroes Party/2004-02-06_1259_2048x1536_2004-02-06 Rescue Heroes Party_DSCN5776.jpg
  -> 2000+/2004/2004-02/2004-02-06 Rescue Heroes Party/2004-02-06_1259_2048x1536_2004-02-06 Rescue Heroes Party_DSCN5776.jpg
2000+/2004/2004-02/2004-02-08 Party with Nana and Poppop/2004-02-08_1814_2048x1536_2004-02-08 Party with Nana and Poppop_DSCN5796.jpg
  -> 2000+/2004/2004-02/2004-02-08 Party with Nana and Poppop/2004-02-08_1814_2048x1536_2004-02-08 Party with Nana and Poppop_DSCN5796.jpg
2000+/2004/2004-02/2004-02-12 Party at Chuck E. Cheese/2004-02-12_1940_2048x1536_2004-02-12 Party at Chuck E. Cheese_DSCN5818.jpg
  -> 2000+/2004/2004-02/2004-02-12 Party at Chuck E. Cheese/2004-02-12_1940_2048x1536_2004-02-12 Party at Chuck E. Cheese_DSCN5818.jpg
2000+/2004/2004-02/2004-02-24 Boys around the house/2004-02-21_1041_2048x1536_2004-02-24 Boys around the house_DSCN5860.jpg
  -> 2000+/2004/2004-02/2004-02-24 Boys around the house/2004-02-21_1041_2048x1536_2004-02-24 Boys around the house_DSCN5860.jpg
2000+/2004/2004-02/PICT0007.JPG
  -> 2000+/2004/2004-02/PICT0007.JPG
2000+/2004/2004-02/tnails/2004-02-26_1851_120x150_tnails_MIX2357.jpg
  -> 2000+/2004/2004-02/tnails/2004-02-26_1851_120x150_tnails_MIX2357.jpg
2000+/2004/2004-03/2004-03-15 Firemen, drummers and shark boys/2004-03-12_1029_2048x1536_2004-03-15 Firemen, drummers and shark boys_DSCN5890.jpg
  -> 2000+/2004/2004-03/2004-03-15 Firemen, drummers and shark boys/2004-03-12_1029_2048x1536_2004-03-15 Firemen, drummers and shark boys_DSCN5890.jpg
2000+/2004/2004-03/2004-03-18 Pics from Ushi/2004-03-06_1828_1349x1536_2004-03-18 Pics from Ushi_bikes 020.jpg
  -> 2000+/2004/2004-03/2004-03-18 Pics from Ushi/2004-03-06_1828_1349x1536_2004-03-18 Pics from Ushi_bikes 020.jpg
2000+/2004/2004-03/2004-03-20 Late snow storm/2004-03-18_1720_2048x1536_2004-03-20 Late snow storm_DSCN5921.jpg
  -> 2000+/2004/2004-03/2004-03-20 Late snow storm/2004-03-18_1720_2048x1536_2004-03-20 Late snow storm_DSCN5921.jpg
2000+/2004/2004-03/2004-03-30 S'mores, Superheros/2004-03-21_1935_2048x1536_2004-03-30 S'mores, Superheros_DSCN5932.jpg
  -> 2000+/2004/2004-03/2004-03-30 S'mores, Superheros/2004-03-21_1935_2048x1536_2004-03-30 S'mores, Superheros_DSCN5932.jpg
2000+/2004/2004-04/2004-04-03 Cranford Easter Egg Hunt/2004-04-03_1044_2048x1536_2004-04-03 Cranford Easter Egg Hunt_DSCN5971.jpg
  -> 2000+/2004/2004-04/2004-04-03 Cranford Easter Egg Hunt_01/2004-04-03_1044_2048x1536_2004-04-03 Cranford Easter Egg Hunt_DSCN5971.jpg
2000+/2004/2004-04/2004-04-06 Boys gardening/2004-04-06_1544_2048x1536_2004-04-06 Boys gardening_DSCN5999.jpg
  -> 2000+/2004/2004-04/2004-04-06 Boys gardening/2004-04-06_1544_2048x1536_2004-04-06 Boys gardening_DSCN5999.jpg
2000+/2004/2004-04/2004-04-12 Kitchen/2004-04-12_2215_1536x2048_2004-04-12 Kitchen_DSCN6041.jpg
  -> 2000+/2004/2004-04/2004-04-12 Kitchen/2004-04-12_2215_1536x2048_2004-04-12 Kitchen_DSCN6041.jpg
2000+/2004/2004-04/2004-05-14 Back yard, etc/2004-04-18_1820_2048x1536_2004-05-14 Back yard, etc_DSCN6050.jpg
  -> 2000+/2004/2004-04/2004-05-14 Back yard, etc/2004-04-18_1820_2048x1536_2004-05-14 Back yard, etc_DSCN6050.jpg
2000+/2004/2004-05/2004-05-22 Visiting Johann in NYC/2004-05-22_0809_2048x1536_2004-05-22 Visiting Johann in NYC_DSCN6086.jpg
  -> 2000+/2004/2004-05/2004-05-22 Visiting Johann in NYC/2004-05-22_0809_2048x1536_2004-05-22 Visiting Johann in NYC_DSCN6086.jpg
2000+/2004/2004-05/2004-05-31 Visiting Kent and Angie in Indianna/2004-05-31_2005_2048x1536_2004-05-31 Visiting Kent and Angie in Indianna_DSCN6218.jpg
  -> 2000+/2004/2004-05/2004-05-31 Visiting Kent and Angie in Indianna_02/2004-05-31_2005_2048x1536_2004-05-31 Visiting Kent and Angie in Indianna_DSCN6218.jpg
2000+/2004/2004-06/2004-06-09 Becky's B-day Party/2004-06-09_1605_2048x1536_2004-06-09 Becky's B-day Party_DSCN6282.jpg
  -> 2000+/2004/2004-06/2004-06-09 Becky's B-day Party_02/2004-06-09_1605_2048x1536_2004-06-09 Becky's B-day Party_DSCN6282.jpg
2000+/2004/2004-06/2004-06-26 Flag Day, mulch and pool filling/2004-06-18_1848_2048x1536_2004-06-26 Flag Day, mulch and pool filling_DSCN6335.jpg
  -> 2000+/2004/2004-06/2004-06-26 Flag Day, mulch and pool filling/2004-06-18_1848_2048x1536_2004-06-26 Flag Day, mulch and pool filling_DSCN6335.jpg
2000+/2004/2004-07/2004 July 23 2004 008.jpg
  -> 2000+/2004/2004-07/2004 July 23 2004 008.jpg
2000+/2004/2004-07/2004-07-11 Union County Fun Day/2004-07-11_1514_2048x1536_2004-07-11 Union County Fun Day_DSCN6382.jpg
  -> 2000+/2004/2004-07/2004-07-11 Union County Fun Day/2004-07-11_1514_2048x1536_2004-07-11 Union County Fun Day_DSCN6382.jpg
2000+/2004/2004-07/2004-07-22 Fixing Colin's Bike and VBS/2004-07-17_0737_2048x1536_2004-07-22 Fixing Colin's Bike and VBS_DSCN6409.jpg
  -> 2000+/2004/2004-07/2004-07-22 Fixing Colin's Bike and VBS/2004-07-17_0737_2048x1536_2004-07-22 Fixing Colin's Bike and VBS_DSCN6409.jpg
2000+/2004/2004-08/2004-08-01 Backyard pool and Colin's bike/2004-08-01_1749_2048x1536_2004-08-01 Backyard pool and Colin's bike_DSCN6443.jpg
  -> 2000+/2004/2004-08/2004-08-01 Backyard pool and Colin's bike/2004-08-01_1749_2048x1536_2004-08-01 Backyard pool and Colin's bike_DSCN6443.jpg
2000+/2004/2004-08/2004-08-07 Kids Town Park and Point Pleasant Beach/2004-08-07_1748_2048x1536_2004-08-07 Kids Town Park and Point Pleasant Beach_DSCN6484.jpg
  -> 2000+/2004/2004-08/2004-08-07 Kids Town Park and Point Pleasant Beach/2004-08-07_1748_2048x1536_2004-08-07 Kids Town Park and Point Pleasant Beach_DSCN6484.jpg
2000+/2004/2004-08/2004-08-16 7th Anniversary/2004-08-08_1433_2048x1536_2004-08-16 7th Anniversary_DSCN6516.jpg
  -> 2000+/2004/2004-08/2004-08-16 7th Anniversary/2004-08-08_1433_2048x1536_2004-08-16 7th Anniversary_DSCN6516.jpg
2000+/2004/2004-08/2004-08-22 Sunday snaps for web site/2004-08-22_0941_2048x1536_2004-08-22 Sunday snaps for web site_DSCN6541.jpg
  -> 2000+/2004/2004-08/2004-08-22 Sunday snaps for web site/2004-08-22_0941_2048x1536_2004-08-22 Sunday snaps for web site_DSCN6541.jpg
2000+/2004/2004-10/2004-10-08 40 Days Sunday School/2004-10-03_1131_2048x1536_2004-10-08 40 Days Sunday School_DSCN6820.jpg
  -> 2000+/2004/2004-10/2004-10-08 40 Days Sunday School/2004-10-03_1131_2048x1536_2004-10-08 40 Days Sunday School_DSCN6820.jpg
2000+/2004/2004-10/2004-10-09 Doyle's Farm/2004-10-09_1357_1536x2048_2004-10-09 Doyle's Farm_DSCN6833.jpg
  -> 2000+/2004/2004-10/2004-10-09 Doyle's Farm_01/2004-10-09_1357_1536x2048_2004-10-09 Doyle's Farm_DSCN6833.jpg
2000+/2004/2004-10/2004-10-10 Chinese Dumpling Party/2004-10-10_1833_2048x1536_2004-10-10 Chinese Dumpling Party_DSCN6935F.jpg
  -> 2000+/2004/2004-10/2004-10-10 Chinese Dumpling Party/2004-10-10_1833_2048x1536_2004-10-10 Chinese Dumpling Party_DSCN6935F.jpg
2000+/2004/2004-10/2004-10-11 Finger Painting/2004-10-11_0945_2048x1536_2004-10-11 Finger Painting_DSCN6942.jpg
  -> 2000+/2004/2004-10/2004-10-11 Finger Painting/2004-10-11_0945_2048x1536_2004-10-11 Finger Painting_DSCN6942.jpg
2000+/2004/2004-10/2004-10-17 40 Days 4-5 yr old class/2004-10-16_1038_2048x1536_2004-10-17 40 Days 4-5 yr old class_DSCN6948F.jpg
  -> 2000+/2004/2004-10/2004-10-17 40 Days 4-5 yr old class/2004-10-16_1038_2048x1536_2004-10-17 40 Days 4-5 yr old class_DSCN6948F.jpg
2000+/2004/2004-10/2004-10-23 Shadybrook Farm/2004-10-23_1342_1536x2048_2004-10-23 Shadybrook Farm_DSCN6982.jpg
  -> 2000+/2004/2004-10/2004-10-23 Shadybrook Farm/2004-10-23_1342_1536x2048_2004-10-23 Shadybrook Farm_DSCN6982.jpg
2000+/2004/2004-10/2004-10-31 Halloween/2004-10-31_1545_2048x1536_2004-10-31 Halloween_DSCN7013.jpg
  -> 2000+/2004/2004-10/2004-10-31 Halloween/2004-10-31_1545_2048x1536_2004-10-31 Halloween_DSCN7013.jpg
2000+/2004/2004-11/2004-11-03 Ushi pics of Austin/0000-00-00_0000_1536x2048_2004-11-03 Ushi pics of Austin_fall 010.jpg
  -> 2000+/2004/2004-11/2004-11-03 Ushi pics of Austin/0000-00-00_0000_1536x2048_2004-11-03 Ushi pics of Austin_fall 010.jpg
2000+/2004/2004-11/2004-11-10 Bulldog and Paddywack/2004-11-11_0025_2048x1536_2004-11-10 Bulldog and Paddywack_DSCN7037.jpg
  -> 2000+/2004/2004-11/2004-11-10 Bulldog and Paddywack/2004-11-11_0025_2048x1536_2004-11-10 Bulldog and Paddywack_DSCN7037.jpg
2000+/2004/2004-11/2004-12-13 Family Portrait/2004-11-21_2054_2048x1536_2004-12-13 Family Portrait_DSCN7058.jpg
  -> 2000+/2004/2004-11/2004-12-13 Family Portrait/2004-11-21_2054_2048x1536_2004-12-13 Family Portrait_DSCN7058.jpg
2000+/2004/2004-11/2004_08_28_02.jpg
  -> 2000+/2004/2004-11/2004_08_28_02.jpg
2000+/2005/2005-01/2005-01-09 Brush Stompin/2005-01-09_1559_2048x1536_2005-01-09 Brush Stompin_DSCN7265.jpg
  -> 2000+/2005/2005-01/2005-01-09 Brush Stompin/2005-01-09_1559_2048x1536_2005-01-09 Brush Stompin_DSCN7265.jpg
2000+/2005/2005-01/2005-01-29 Winter Fun/2005-01-29_1659_2048x1536_2005-01-29 Winter Fun_DSCN7305.jpg
  -> 2000+/2005/2005-01/2005-01-29 Winter Fun/2005-01-29_1659_2048x1536_2005-01-29 Winter Fun_DSCN7305.jpg
2000+/2005/2005-02/2005-02-11 Birthday Boys/2005-02-11_2013_2048x1536_2005-02-11 Birthday Boys_DSCN7351.jpg
  -> 2000+/2005/2005-02/2005-02-11 Birthday Boys_01/2005-02-11_2013_2048x1536_2005-02-11 Birthday Boys_DSCN7351.jpg
2000+/2005/2005-02/2005-02-27 Spies and Bakers/2005-02-12_1149_1536x2048_2005-02-27 Spies and Bakers_DSCN7370.jpg
  -> 2000+/2005/2005-02/2005-02-27 Spies and Bakers/2005-02-12_1149_1536x2048_2005-02-27 Spies and Bakers_DSCN7370.jpg
2000+/2005/2005-03/2005-03-16 Boys Around the House/2005-03-02_2012_2048x1536_2005-03-16 Boys Around the House_DSCN7390.jpg
  -> 2000+/2005/2005-03/2005-03-16 Boys Around the House/2005-03-02_2012_2048x1536_2005-03-16 Boys Around the House_DSCN7390.jpg
2000+/2005/2005-03/2005-03-26 Easter Egg Hunt/2005-03-23_2327_1536x2048_2005-03-26 Easter Egg Hunt_DSCN7421.jpg
  -> 2000+/2005/2005-03/2005-03-26 Easter Egg Hunt/2005-03-23_2327_1536x2048_2005-03-26 Easter Egg Hunt_DSCN7421.jpg
2000+/2005/2005-03/2005-04-08 Rex B-day/2005-03-28_1730_2048x1536_2005-04-08 Rex B-day_DSCN7460.jpg
  -> 2000+/2005/2005-03/2005-04-08 Rex B-day/2005-03-28_1730_2048x1536_2005-04-08 Rex B-day_DSCN7460.jpg
2000+/2005/2005-03/2007_06_03_07.jpg
  -> 2000+/2005/2005-03/2007_06_03_07.jpg
2000+/2005/2005-04/2005 April Ancient Greece 004.jpg
  -> 2000+/2005/2005-04/2005 April Ancient Greece 004.jpg
2000+/2005/2005-04/2005-04-08 Rex B-day/2005-04-01_2248_2048x1536_2005-04-08 Rex B-day_DSCN7463.jpg
  -> 2000+/2005/2005-04/2005-04-08 Rex B-day/2005-04-01_2248_2048x1536_2005-04-08 Rex B-day_DSCN7463.jpg
2000+/2005/2005-04/2005-04-23 Small Group Host Retreat/2005-04-23_1820_2048x1536_2005-04-23 Small Group Host Retreat_DSCN7472.jpg
  -> 2000+/2005/2005-04/2005-04-23 Small Group Host Retreat/2005-04-23_1820_2048x1536_2005-04-23 Small Group Host Retreat_DSCN7472.jpg
2000+/2005/2005-04/2005-04-27 Morning Break Kids/2005-04-27_1101_2048x1536_2005-04-27 Morning Break Kids_DSCN7514.jpg
  -> 2000+/2005/2005-04/2005-04-27 Morning Break Kids/2005-04-27_1101_2048x1536_2005-04-27 Morning Break Kids_DSCN7514.jpg
2000+/2005/2005-05/2005-04-27 Morning Break Kids/2005-05-03_1933_2048x1536_2005-04-27 Morning Break Kids_DSCN7519.jpg
  -> 2000+/2005/2005-05/2005-04-27 Morning Break Kids/2005-05-03_1933_2048x1536_2005-04-27 Morning Break Kids_DSCN7519.jpg
2000+/2005/2005-05/2005-05-21 Brush Stompin/2005-05-21_1215_2048x1536_2005-05-21 Brush Stompin_DSCN7543.jpg
  -> 2000+/2005/2005-05/2005-05-21 Brush Stompin/2005-05-21_1215_2048x1536_2005-05-21 Brush Stompin_DSCN7543.jpg
2000+/2005/2005-05/2005-05-28 Shower for Jenny/2005-05-28_1618_2048x1536_2005-05-28 Shower for Jenny_DSCN7595.jpg
  -> 2000+/2005/2005-05/2005-05-28 Shower for Jenny/2005-05-28_1618_2048x1536_2005-05-28 Shower for Jenny_DSCN7595.jpg
2000+/2005/2005-06/2005-06-26 BBQ With Neighbors/2005-06-26_1649_2048x1536_2005-06-26 BBQ With Neighbors_DSCN7625.jpg
  -> 2000+/2005/2005-06/2005-06-26 BBQ With Neighbors/2005-06-26_1649_2048x1536_2005-06-26 BBQ With Neighbors_DSCN7625.jpg
2000+/2005/2005-07/2005 July 12 008.jpg
  -> 2000+/2005/2005-07/2005 July 12 008.jpg
2000+/2005/2005-07/2005-07-12 VBS/2005-07-12_1907_2048x1536_2005-07-12 VBS_DSCN7640.jpg
  -> 2000+/2005/2005-07/2005-07-12 VBS/2005-07-12_1907_2048x1536_2005-07-12 VBS_DSCN7640.jpg
2000+/2005/2005-07/2005-07-14 VBS/2005-07-14_2024_2048x1536_2005-07-14 VBS_DSCN7730.jpg
  -> 2000+/2005/2005-07/2005-07-14 VBS_02/2005-07-14_2024_2048x1536_2005-07-14 VBS_DSCN7730.jpg
2000+/2005/2005-07/2005-07-23 Kim Stevens Wedding/2005-07-20_1316_2048x1536_2005-07-23 Kim Stevens Wedding_DSCN7760.jpg
  -> 2000+/2005/2005-07/2005-07-23 Kim Stevens Wedding/2005-07-20_1316_2048x1536_2005-07-23 Kim Stevens Wedding_DSCN7760.jpg
2000+/2005/2005-07/2005-07-26 Small Group at Henn House/2005-07-26_2017_2048x1536_2005-07-26 Small Group at Henn House_DSCN7798.jpg
  -> 2000+/2005/2005-07/2005-07-26 Small Group at Henn House/2005-07-26_2017_2048x1536_2005-07-26 Small Group at Henn House_DSCN7798.jpg
2000+/2005/2005-07/2005-08-15 Cyprus Vacation/2005-07-28_1932_2048x1536_2005-08-15 Cyprus Vacation_DSCN7810.jpg
  -> 2000+/2005/2005-07/2005-08-15 Cyprus Vacation/2005-07-28_1932_2048x1536_2005-08-15 Cyprus Vacation_DSCN7810.jpg
2000+/2005/2005-08/2005-07-26 Small Group at Henn House - from Hillmans/2005-08-12_1024_1818x1228_2005-07-26 Small Group at Henn House - from Hillmans_0073942-R1-038-17A_16.jpg
  -> 2000+/2005/2005-08/2005-07-26 Small Group at Henn House - from Hillmans/2005-08-12_1024_1818x1228_2005-07-26 Small Group at Henn House - from Hillmans_0073942-R1-038-17A_16.jpg
2000+/2005/2005-08/2005-08-11 Cyprus Vacation - Pictures from Papa Jim/0000-00-00_0000_2092x1568_2005-08-11 Cyprus Vacation - Pictures from Papa Jim_camera 2 010.jpg
  -> 2000+/2005/2005-08/2005-08-11 Cyprus Vacation - Pictures from Papa Jim/0000-00-00_0000_2092x1568_2005-08-11 Cyprus Vacation - Pictures from Papa Jim_camera 2 010.jpg
2000+/2005/2005-08/2005-08-15 Cyprus Vacation/2005-08-12_1141_2048x1536_2005-08-15 Cyprus Vacation_DSCN7988.jpg
  -> 2000+/2005/2005-08/2005-08-15 Cyprus Vacation_04/2005-08-12_1141_2048x1536_2005-08-15 Cyprus Vacation_DSCN7988.jpg
2000+/2005/2005-08/2005-08-19 Canoe Pictures/2005-08-19_1251_2048x1536_2005-08-19 Canoe Pictures_DSCN8078.jpg
  -> 2000+/2005/2005-08/2005-08-19 Canoe Pictures/2005-08-19_1251_2048x1536_2005-08-19 Canoe Pictures_DSCN8078.jpg
2000+/2005/2005-08/2005-08-27 Jen and Eric Wedding/2005-08-27_1541_2048x1536_2005-08-27 Jen and Eric Wedding_DSCN8130.jpg
  -> 2000+/2005/2005-08/2005-08-27 Jen and Eric Wedding_01/2005-08-27_1541_2048x1536_2005-08-27 Jen and Eric Wedding_DSCN8130.jpg
2000+/2005/2005-08/2005_08_17_01.JPG
  -> 2000+/2005/2005-08/2005_08_17_01.JPG
2000+/2005/2005-09/2005-07-26 Small Group at Henn House/2005-09-09_2327_1736x1299_2005-07-26 Small Group at Henn House_DSCN7801X_filtered.jpg
  -> 2000+/2005/2005-09/2005-07-26 Small Group at Henn House/2005-09-09_2327_1736x1299_2005-07-26 Small Group at Henn House_DSCN7801X_filtered.jpg
2000+/2005/2005-09/2005-09-06 Colin - First Day of Kindergarten/2005-09-06_1431_2048x1536_2005-09-06 Colin - First Day of Kindergarten_DSCN8159.jpg
  -> 2000+/2005/2005-09/2005-09-06 Colin - First Day of Kindergarten/2005-09-06_1431_2048x1536_2005-09-06 Colin - First Day of Kindergarten_DSCN8159.jpg
2000+/2005/2005-09/2005-09-10 Family Fun Day/2005-09-10_1440_2048x1536_2005-09-10 Family Fun Day_DSCN8237.jpg
  -> 2000+/2005/2005-09/2005-09-10 Family Fun Day_02/2005-09-10_1440_2048x1536_2005-09-10 Family Fun Day_DSCN8237.jpg
2000+/2005/2005-09/2005-09-14 Fish/2005-09-14_2246_2048x1536_2005-09-14 Fish_DSCN8285.jpg
  -> 2000+/2005/2005-09/2005-09-14 Fish/2005-09-14_2246_2048x1536_2005-09-14 Fish_DSCN8285.jpg
2000+/2005/2005-09/2005-09-17 Tom and Lisa Wedding/2005-09-17_1516_1536x2048_2005-09-17 Tom and Lisa Wedding_DSCN8335.jpg
  -> 2000+/2005/2005-09/2005-09-17 Tom and Lisa Wedding_01/2005-09-17_1516_1536x2048_2005-09-17 Tom and Lisa Wedding_DSCN8335.jpg
2000+/2005/2005-09/2005-09-18 Bushkill Falls/2005-09-18_0927_2048x1536_2005-09-18 Bushkill Falls_DSCN8445.jpg
  -> 2000+/2005/2005-09/2005-09-18 Bushkill Falls/2005-09-18_0927_2048x1536_2005-09-18 Bushkill Falls_DSCN8445.jpg
2000+/2005/2005-09/2005-09-24 Bailey B-day Party/2005-09-24_1832_2048x1536_2005-09-24 Bailey B-day Party_DSCN8463.jpg
  -> 2000+/2005/2005-09/2005-09-24 Bailey B-day Party/2005-09-24_1832_2048x1536_2005-09-24 Bailey B-day Party_DSCN8463.jpg
2000+/2005/2005-09/2005_06_18_05.JPG
  -> 2000+/2005/2005-09/2005_06_18_05.JPG
2000+/2005/2005-10/2005-10-09 Apple Picking/2005-10-09_1205_1536x2048_2005-10-09 Apple Picking_DSCN8498.jpg
  -> 2000+/2005/2005-10/2005-10-09 Apple Picking/2005-10-09_1205_1536x2048_2005-10-09 Apple Picking_DSCN8498.jpg
2000+/2005/2005-10/2005-10-29 Pumpkin Pickin and Robin Boys/2005-10-29_1428_2048x1536_2005-10-29 Pumpkin Pickin and Robin Boys_DSCN8534.jpg
  -> 2000+/2005/2005-10/2005-10-29 Pumpkin Pickin and Robin Boys/2005-10-29_1428_2048x1536_2005-10-29 Pumpkin Pickin and Robin Boys_DSCN8534.jpg
2000+/2005/2005-10/IMG_6719.JPG
  -> 2000+/2005/2005-10/IMG_6719.JPG
2000+/2005/2005-11/2005-11-11 Brush Stompin/2005-11-11_1408_2048x1536_2005-11-11 Brush Stompin_DSCN8551.jpg
  -> 2000+/2005/2005-11/2005-11-11 Brush Stompin/2005-11-11_1408_2048x1536_2005-11-11 Brush Stompin_DSCN8551.jpg
2000+/2005/2005-11/2005-12-03 CSFB Holiday Party/2005-11-29_1543_2048x1536_2005-12-03 CSFB Holiday Party_DSCN8585.jpg
  -> 2000+/2005/2005-11/2005-12-03 CSFB Holiday Party/2005-11-29_1543_2048x1536_2005-12-03 CSFB Holiday Party_DSCN8585.jpg
2000+/2005/2005-12/2005-12-03 CSFB Holiday Party/2005-12-03_1529_2048x1536_2005-12-03 CSFB Holiday Party_DSCN8630.jpg
  -> 2000+/2005/2005-12/2005-12-03 CSFB Holiday Party/2005-12-03_1529_2048x1536_2005-12-03 CSFB Holiday Party_DSCN8630.jpg
2000+/2005/2005-12/2005-12-23 Winter/2005-12-23_1157_2048x1536_2005-12-23 Winter_DSCN8697.jpg
  -> 2000+/2005/2005-12/2005-12-23 Winter_01/2005-12-23_1157_2048x1536_2005-12-23 Winter_DSCN8697.jpg
2000+/2005/2005-12/2005-12-25 Christmas Day/2005-12-24_1029_2048x1536_2005-12-25 Christmas Day_DSCN8713.jpg
  -> 2000+/2005/2005-12/2005-12-25 Christmas Day/2005-12-24_1029_2048x1536_2005-12-25 Christmas Day_DSCN8713.jpg
2000+/2005/2005-12/2005-12-31 New Year's Eve/2005-12-31_2335_2288x1712_2005-12-31 New Year's Eve_DSCN0025.jpg
  -> 2000+/2005/2005-12/2005-12-31 New Year's Eve/2005-12-31_2335_2288x1712_2005-12-31 New Year's Eve_DSCN0025.jpg
2000+/2005/2005-12/Originals/2005-12-24_1029_2048x1536_Originals_DSCN8713.1.jpg
  -> 2000+/2005/2005-12/Originals/2005-12-24_1029_2048x1536_Originals_DSCN8713.1.jpg
2000+/2008/2008-01/2008-01-17 New Years Eve to Apple Pie/2008-01-09_0928_2592x1944_2008-01-17 New Years Eve to Apple Pie_DSCN2066.jpg
  -> 2000+/2008/2008-01/2008-01-17 New Years Eve to Apple Pie/2008-01-09_0928_2592x1944_2008-01-17 New Years Eve to Apple Pie_DSCN2066.jpg
2000+/2008/2008-01/2008-01-20 Rex and Debbie to Xichan China/2008-01-20_1006_2592x1944_2008-01-20 Rex and Debbie to Xichan China_DSCN2178.jpg
  -> 2000+/2008/2008-01/2008-01-20 Rex and Debbie to Xichan China_02/2008-01-20_1006_2592x1944_2008-01-20 Rex and Debbie to Xichan China_DSCN2178.jpg
2000+/2008/2008-01/2008-01-21 Jurong Bird Park/2008-01-21_1301_2592x1944_2008-01-21 Jurong Bird Park_DSCN2205.jpg
  -> 2000+/2008/2008-01/2008-01-21 Jurong Bird Park/2008-01-21_1301_2592x1944_2008-01-21 Jurong Bird Park_DSCN2205.jpg
2000+/2008/2008-02/2008-02-02 Evan and Debbie B-Day Party/2008-02-02_1529_2592x1944_2008-02-02 Evan and Debbie B-Day Party_DSCN2175.jpg
  -> 2000+/2008/2008-02/2008-02-02 Evan and Debbie B-Day Party/2008-02-02_1529_2592x1944_2008-02-02 Evan and Debbie B-Day Party_DSCN2175.jpg
2000+/2008/2008-02/2008-02-06 Colin B-Day/2008-02-06_1322_2592x1944_2008-02-06 Colin B-Day_DSCN2194.jpg
  -> 2000+/2008/2008-02/2008-02-06 Colin B-Day/2008-02-06_1322_2592x1944_2008-02-06 Colin B-Day_DSCN2194.jpg
2000+/2008/2008-02/2008-02-23 SAS County Fair/2008-02-09_1423_2592x1944_2008-02-23 SAS County Fair_DSCN2205.jpg
  -> 2000+/2008/2008-02/2008-02-23 SAS County Fair_01/2008-02-09_1423_2592x1944_2008-02-23 SAS County Fair_DSCN2205.jpg
2000+/2008/2008-02/2008-03-01 Pinewood Derby/2008-02-24_1230_2592x1944_2008-03-01 Pinewood Derby_DSCN2289.jpg
  -> 2000+/2008/2008-02/2008-03-01 Pinewood Derby/2008-02-24_1230_2592x1944_2008-03-01 Pinewood Derby_DSCN2289.jpg
2000+/2008/2008-03/2008-03-01 Pinewood Derby/2008-03-01_1133_2592x1944_2008-03-01 Pinewood Derby_DSCN2309.jpg
  -> 2000+/2008/2008-03/2008-03-01 Pinewood Derby/2008-03-01_1133_2592x1944_2008-03-01 Pinewood Derby_DSCN2309.jpg
2000+/2008/2008-03/2008-03-06 Building Shelf with Boys/2008-03-06_1945_2592x1944_2008-03-06 Building Shelf with Boys_DSCN2333.jpg
  -> 2000+/2008/2008-03/2008-03-06 Building Shelf with Boys/2008-03-06_1945_2592x1944_2008-03-06 Building Shelf with Boys_DSCN2333.jpg
2000+/2008/2008-03/2008-03-08 Colin Baseball Game/2008-03-08_0806_2592x1944_2008-03-08 Colin Baseball Game_DSCN2346.jpg
  -> 2000+/2008/2008-03/2008-03-08 Colin Baseball Game/2008-03-08_0806_2592x1944_2008-03-08 Colin Baseball Game_DSCN2346.jpg
2000+/2008/2008-03/2008-03-14 Painted Wolf Ceremony/2008-03-14_1915_2592x1944_2008-03-14 Painted Wolf Ceremony_DSCN2388.jpg
  -> 2000+/2008/2008-03/2008-03-14 Painted Wolf Ceremony/2008-03-14_1915_2592x1944_2008-03-14 Painted Wolf Ceremony_DSCN2388.jpg
2000+/2008/2008-03/2008-03-29 East Meadows Pics/2008-03-18_1255_2592x1944_2008-03-29 East Meadows Pics_DSCN2395.jpg
  -> 2000+/2008/2008-03/2008-03-29 East Meadows Pics/2008-03-18_1255_2592x1944_2008-03-29 East Meadows Pics_DSCN2395.jpg
2000+/2008/2008-03/2008-04-05 Baseball/2008-03-31_1405_2592x1944_2008-04-05 Baseball_DSCN2481.jpg
  -> 2000+/2008/2008-03/2008-04-05 Baseball/2008-03-31_1405_2592x1944_2008-04-05 Baseball_DSCN2481.jpg
2000+/2008/2008-04/2008-04-05 Baseball/2008-04-05_0937_2592x1944_2008-04-05 Baseball_DSCN2512.jpg
  -> 2000+/2008/2008-04/2008-04-05 Baseball/2008-04-05_0937_2592x1944_2008-04-05 Baseball_DSCN2512.jpg
2000+/2008/2008-04/2008-04-19 Baseball/2008-04-13_1747_2592x1944_2008-04-19 Baseball_DSCN2550.jpg
  -> 2000+/2008/2008-04/2008-04-19 Baseball/2008-04-13_1747_2592x1944_2008-04-19 Baseball_DSCN2550.jpg
2000+/2008/2008-04/2008-04-26 Boys in bath and Baseball Team Photo/2008-04-24_1950_2592x1944_2008-04-26 Boys in bath and Baseball Team Photo_DSCN2605.jpg
  -> 2000+/2008/2008-04/2008-04-26 Boys in bath and Baseball Team Photo/2008-04-24_1950_2592x1944_2008-04-26 Boys in bath and Baseball Team Photo_DSCN2605.jpg
2000+/2008/2008-04/2008-04-28_1928_2592x1944_New Folder_DSCN2630.jpg
  -> 2000+/2008/2008-04/2008-04-28_1928_2592x1944_New Folder_DSCN2630.jpg
2000+/2008/2008-04/2008-05-31 Bowling, Baseball, etc/2008-04-28_1928_2592x1944_2008-05-31 Bowling, Baseball, etc_DSCN2631.jpg
  -> 2000+/2008/2008-04/2008-05-31 Bowling, Baseball, etc/2008-04-28_1928_2592x1944_2008-05-31 Bowling, Baseball, etc_DSCN2631.jpg
2000+/2008/2008-05/2008-05-03 Cub Scouts Photos from Janice/2008-05-08_1704_600x450_2008-05-03 Cub Scouts Photos from Janice_CIMG3926.jpg
  -> 2000+/2008/2008-05/2008-05-03 Cub Scouts Photos from Janice/2008-05-08_1704_600x450_2008-05-03 Cub Scouts Photos from Janice_CIMG3926.jpg
2000+/2008/2008-05/2008-05-03_2202_2592x1944_New Folder_DSCN2652.jpg
  -> 2000+/2008/2008-05/2008-05-03_2202_2592x1944_New Folder_DSCN2652.jpg
2000+/2008/2008-05/2008-05-31 Bowling, Baseball, etc/2008-05-17_1804_2592x1944_2008-05-31 Bowling, Baseball, etc_DSCN4272.jpg
  -> 2000+/2008/2008-05/2008-05-31 Bowling, Baseball, etc_01/2008-05-17_1804_2592x1944_2008-05-31 Bowling, Baseball, etc_DSCN4272.jpg
2000+/2008/2008-05/Cub Scout Photos/2008-05-08_1704_600x450_Cub Scout Photos_CIMG4186.jpg
  -> 2000+/2008/2008-05/Cub Scout Photos/2008-05-08_1704_600x450_Cub Scout Photos_CIMG4186.jpg
2000+/2008/2008-06/2008-06-11 Navy Guys, Samuelson Farewell, Snow City/2008-06-01_1719_2592x1944_2008-06-11 Navy Guys, Samuelson Farewell, Snow City_DSCN4309.jpg
  -> 2000+/2008/2008-06/2008-06-11 Navy Guys, Samuelson Farewell, Snow City/2008-06-01_1719_2592x1944_2008-06-11 Navy Guys, Samuelson Farewell, Snow City_DSCN4309.jpg
2000+/2008/2008-06/2008-06-14 London/2008-06-13_2012_2592x1944_2008-06-14 London_DSCN4333.jpg
  -> 2000+/2008/2008-06/2008-06-14 London/2008-06-13_2012_2592x1944_2008-06-14 London_DSCN4333.jpg
2000+/2008/2008-06/2008-06-18 US - Eric and Ethan B-day/2008-06-18_0409_2592x1944_2008-06-18 US - Eric and Ethan B-day_DSCN4384.jpg
  -> 2000+/2008/2008-06/2008-06-18 US - Eric and Ethan B-day/2008-06-18_0409_2592x1944_2008-06-18 US - Eric and Ethan B-day_DSCN4384.jpg
2000+/2008/2008-06/2008-06-19 Sesame Place/2008-06-19_0403_2592x1944_2008-06-19 Sesame Place_DSCN4419.jpg
  -> 2000+/2008/2008-06/2008-06-19 Sesame Place_01/2008-06-19_0403_2592x1944_2008-06-19 Sesame Place_DSCN4419.jpg
2000+/2008/2008-06/2008-06-28 Colorado/2008-06-22_0708_2592x1944_2008-06-28 Colorado_DSCN4461.jpg
  -> 2000+/2008/2008-06/2008-06-28 Colorado/2008-06-22_0708_2592x1944_2008-06-28 Colorado_DSCN4461.jpg
2000+/2008/2008-06/2008-06-29 Kelly and Josh Wedding/2008-06-29_0257_2592x1944_2008-06-29 Kelly and Josh Wedding_DSCN4623.jpg
  -> 2000+/2008/2008-06/2008-06-29 Kelly and Josh Wedding_03/2008-06-29_0257_2592x1944_2008-06-29 Kelly and Josh Wedding_DSCN4623.jpg
2000+/2008/2008-07/2008-07-05 Independence Day - Terror Club/2008-07-05_1758_2592x1944_2008-07-05 Independence Day - Terror Club_DSCN4666.jpg
  -> 2000+/2008/2008-07/2008-07-05 Independence Day - Terror Club/2008-07-05_1758_2592x1944_2008-07-05 Independence Day - Terror Club_DSCN4666.jpg
2000+/2008/2008-07/2008-07-12 East Meadows B-ball, Brian Party/2008-07-09_1515_2592x1944_2008-07-12 East Meadows B-ball, Brian Party_DSCN4679.jpg
  -> 2000+/2008/2008-07/2008-07-12 East Meadows B-ball, Brian Party/2008-07-09_1515_2592x1944_2008-07-12 East Meadows B-ball, Brian Party_DSCN4679.jpg
2000+/2008/2008-07/2008-07-15 Singapore Zoo/2008-07-15_1039_2592x1944_2008-07-15 Singapore Zoo_DSCN4703.jpg
  -> 2000+/2008/2008-07/2008-07-15 Singapore Zoo/2008-07-15_1039_2592x1944_2008-07-15 Singapore Zoo_DSCN4703.jpg
2000+/2008/2008-07/2008-08-02 Pottery/2008-07-21_0959_2592x1944_2008-08-02 Pottery_DSCN4736.jpg
  -> 2000+/2008/2008-07/2008-08-02 Pottery/2008-07-21_0959_2592x1944_2008-08-02 Pottery_DSCN4736.jpg
2000+/2008/2008-08/2008-08-02 Pottery/2008-08-02_1308_2592x1944_2008-08-02 Pottery_DSCN4755.jpg
  -> 2000+/2008/2008-08/2008-08-02 Pottery/2008-08-02_1308_2592x1944_2008-08-02 Pottery_DSCN4755.jpg
2000+/2008/2008-08/2008-08-29 Monkey Party, Legos, etc/2008-08-09_1110_2592x1944_2008-08-29 Monkey Party, Legos, etc_DSCN4771.jpg
  -> 2000+/2008/2008-08/2008-08-29 Monkey Party, Legos, etc/2008-08-09_1110_2592x1944_2008-08-29 Monkey Party, Legos, etc_DSCN4771.jpg
2000+/2008/2008-08/2008-08-31 Banyan Tree Indonesia/2008-08-31_1237_2592x1944_2008-08-31 Banyan Tree Indonesia_DSCN4847.jpg
  -> 2000+/2008/2008-08/2008-08-31 Banyan Tree Indonesia/2008-08-31_1237_2592x1944_2008-08-31 Banyan Tree Indonesia_DSCN4847.jpg
2000+/2008/2008-08/9022-R1-19-25A_020_edited.jpg
  -> 2000+/2008/2008-08/9022-R1-19-25A_020_edited.jpg
2000+/2008/2008-09/2008-09-06 Soccer and Tiger Den Meeting/2008-09-06_1506_2592x1944_2008-09-06 Soccer and Tiger Den Meeting_DSCN4893.jpg
  -> 2000+/2008/2008-09/2008-09-06 Soccer and Tiger Den Meeting/2008-09-06_1506_2592x1944_2008-09-06 Soccer and Tiger Den Meeting_DSCN4893.jpg
2000+/2008/2008-09/2008-09-07 Cub Scout Swim Day/2008-09-07_1448_2592x1944_2008-09-07 Cub Scout Swim Day_DSCN4897.jpg
  -> 2000+/2008/2008-09/2008-09-07 Cub Scout Swim Day/2008-09-07_1448_2592x1944_2008-09-07 Cub Scout Swim Day_DSCN4897.jpg
2000+/2008/2008-09/2008-09-13 Tad Poles and Soccer/0000-00-00_0000_3072x2304_2008-09-13 Tad Poles and Soccer_DSCN4920.jpg
  -> 2000+/2008/2008-09/2008-09-13 Tad Poles and Soccer/0000-00-00_0000_3072x2304_2008-09-13 Tad Poles and Soccer_DSCN4920.jpg
2000+/2008/2008-09/2008-09-14 Austin's B-Day Party/2008-09-14_1413_3072x2304_2008-09-14 Austin's B-Day Party_DSCN4948.jpg
  -> 2000+/2008/2008-09/2008-09-14 Austin's B-Day Party/2008-09-14_1413_3072x2304_2008-09-14 Austin's B-Day Party_DSCN4948.jpg
2000+/2008/2008-09/2008-10-04 Cub Scouts, etc/2008-09-15_1206_3072x2304_2008-10-04 Cub Scouts, etc_DSCN4985.jpg
  -> 2000+/2008/2008-09/2008-10-04 Cub Scouts, etc/2008-09-15_1206_3072x2304_2008-10-04 Cub Scouts, etc_DSCN4985.jpg
2000+/2008/2008-09/2008-10-13 Homeschool, etc/2008-09-30_1453_640x480_2008-10-13 Homeschool, etc_RSCN5017.jpg
  -> 2000+/2008/2008-09/2008-10-13 Homeschool, etc/2008-09-30_1453_640x480_2008-10-13 Homeschool, etc_RSCN5017.jpg
2000+/2008/2008-10/2008-02-06 Colin B-Day/2008-10-08_0148_538x445_2008-02-06 Colin B-Day_Edited_Photo_1.jpg
  -> 2000+/2008/2008-10/2008-02-06 Colin B-Day/2008-10-08_0148_538x445_2008-02-06 Colin B-Day_Edited_Photo_1.jpg
2000+/2008/2008-10/2008-08-29 Monkey Party, Legos, etc/2008-10-08_0057_538x445_2008-08-29 Monkey Party, Legos, etc_lego ship.jpg
  -> 2000+/2008/2008-10/2008-08-29 Monkey Party, Legos, etc/2008-10-08_0057_538x445_2008-08-29 Monkey Party, Legos, etc_lego ship.jpg
2000+/2008/2008-10/2008-10-04 Cub Scouts, etc/2008-10-04_1522_3072x2304_2008-10-04 Cub Scouts, etc_DSCN5040.jpg
  -> 2000+/2008/2008-10/2008-10-04 Cub Scouts, etc/2008-10-04_1522_3072x2304_2008-10-04 Cub Scouts, etc_DSCN5040.jpg
2000+/2008/2008-10/2008-10-13 Homeschool, etc/2008-10-11_1023_3072x2304_2008-10-13 Homeschool, etc_DSCN5060.jpg
  -> 2000+/2008/2008-10/2008-10-13 Homeschool, etc/2008-10-11_1023_3072x2304_2008-10-13 Homeschool, etc_DSCN5060.jpg
2000+/2008/2008-10/2008-10-19 Cub Scout Camp/2008-10-18_1807_3072x2304_2008-10-19 Cub Scout Camp_DSCN5110.jpg
  -> 2000+/2008/2008-10/2008-10-19 Cub Scout Camp_01/2008-10-18_1807_3072x2304_2008-10-19 Cub Scout Camp_DSCN5110.jpg
2000+/2008/2008-10/2008-10-27 Colin pics around the house/2008-10-26_0655_2048x1536_2008-10-27 Colin pics around the house_DSCN0076.jpg
  -> 2000+/2008/2008-10/2008-10-27 Colin pics around the house/2008-10-26_0655_2048x1536_2008-10-27 Colin pics around the house_DSCN0076.jpg
2000+/2008/2008-10/2008-10-28 Charis dress rehersal and Science Fair/2008-10-28_2131_2048x1536_2008-10-28 Charis dress rehersal and Science Fair_DSCN0185.jpg
  -> 2000+/2008/2008-10/2008-10-28 Charis dress rehersal and Science Fair/2008-10-28_2131_2048x1536_2008-10-28 Charis dress rehersal and Science Fair_DSCN0185.jpg
2000+/2008/2008-10/2008-10-28 Science Projects/2008-10-28_1927_3072x2304_2008-10-28 Science Projects_DSCN5177.jpg
  -> 2000+/2008/2008-10/2008-10-28 Science Projects/2008-10-28_1927_3072x2304_2008-10-28 Science Projects_DSCN5177.jpg
2000+/2008/2008-10/2008-10-31 Halloween/2008-10-30_2016_3072x2304_2008-10-31 Halloween_DSCN5212.jpg
  -> 2000+/2008/2008-10/2008-10-31 Halloween/2008-10-30_2016_3072x2304_2008-10-31 Halloween_DSCN5212.jpg
2000+/2008/2008-11/2008-10-28 Charis dress rehersal and Science Fair/2008-11-05_0701_2048x1536_2008-10-28 Charis dress rehersal and Science Fair_DSCN0213.jpg
  -> 2000+/2008/2008-11/2008-10-28 Charis dress rehersal and Science Fair/2008-11-05_0701_2048x1536_2008-10-28 Charis dress rehersal and Science Fair_DSCN0213.jpg
2000+/2008/2008-11/2008-11-13 Credit Suisse - IT Expo/2008-11-13_1020_3072x2304_2008-11-13 Credit Suisse - IT Expo_DSCN5265.jpg
  -> 2000+/2008/2008-11/2008-11-13 Credit Suisse - IT Expo_01/2008-11-13_1020_3072x2304_2008-11-13 Credit Suisse - IT Expo_DSCN5265.jpg
2000+/2008/2008-11/2008_11_01_15.jpg
  -> 2000+/2008/2008-11/2008_11_01_15.jpg
2000+/2008/2008-11/2009-03-13/2008-11-29_1609_3072x2304_DSCN5322.jpg
  -> 2000+/2008/2008-11/2009-03-13/2008-11-29_1609_3072x2304_DSCN5322.jpg
2000+/2008/2008-12/2008-11-24/2008-12-16_1006_640x480_DSCN5314.jpg
  -> 2000+/2008/2008-12/2008-11-24/2008-12-16_1006_640x480_DSCN5314.jpg
2000+/2008/2008-12/2009-03-13/2008-12-02_0955_3072x2304_DSCN5350.jpg
  -> 2000+/2008/2008-12/2009-03-13_01/2008-12-02_0955_3072x2304_DSCN5350.jpg
2000+/2009/2009-01/1995 - China #2/2009-01-17_2050_3966x3109_1995 - China #2_scan0004.tif
  -> 2000+/2009/2009-01/1995 - China #2/2009-01-17_2050_3966x3109_1995 - China #2_scan0004.tif
2000+/2009/2009-01/2009-02-03/2009-01-31_1348_3264x2448_DSC00069.jpg
  -> 2000+/2009/2009-01/2009-02-03_02/2009-01-31_1348_3264x2448_DSC00069.jpg
2000+/2009/2009-02/2009-02-03/2009-02-01_1308_3264x2448_DSC00111.jpg
  -> 2000+/2009/2009-02/2009-02-03_01/2009-02-01_1308_3264x2448_DSC00111.jpg
2000+/2009/2009-02/2009-03-13/2009-02-24_1812_3072x2304_DSCN5513.jpg
  -> 2000+/2009/2009-02/2009-03-13/2009-02-24_1812_3072x2304_DSCN5513.jpg
2000+/2009/2009-02/2009-04-18/2009-02-27_2137_3264x2448_DSC00309.jpg
  -> 2000+/2009/2009-02/2009-04-18/2009-02-27_2137_3264x2448_DSC00309.jpg
2000+/2009/2009-03/2009-03-13/2009-03-13_1424_3072x2304_DSCN5527.jpg
  -> 2000+/2009/2009-03/2009-03-13/2009-03-13_1424_3072x2304_DSCN5527.jpg
2000+/2009/2009-03/2009-03-27_2140_3264x2448_DSC00358.jpg
  -> 2000+/2009/2009-03/2009-03-27_2140_3264x2448_DSC00358.jpg
2000+/2009/2009-03/2009-04-18/2009-03-31_0400_3264x2448_DSC00383.jpg
  -> 2000+/2009/2009-03/2009-04-18/2009-03-31_0400_3264x2448_DSC00383.jpg
2000+/2009/2009-03/2009-05-06/2009-03-14_1019_3072x2304_DSCN5535.jpg
  -> 2000+/2009/2009-03/2009-05-06/2009-03-14_1019_3072x2304_DSCN5535.jpg
2000+/2009/2009-04/2009-04-17_1950_3264x2448_DSC00465.jpg
  -> 2000+/2009/2009-04_02/2009-04-17_1950_3264x2448_DSC00465.jpg
2000+/2009/2009-05/2009-05-06/2009-05-02_1423_3072x2304_DSCN5581.jpg
  -> 2000+/2009/2009-05/2009-05-06/2009-05-02_1423_3072x2304_DSCN5581.jpg
2000+/2009/2009-05/2009-05-08/2009-05-06_0614_3264x2448_DSC00503.jpg
  -> 2000+/2009/2009-05/2009-05-08/2009-05-06_0614_3264x2448_DSC00503.jpg
2000+/2009/2009-06/2009 June and July 332.jpg
  -> 2000+/2009/2009-06/2009 June and July 332.jpg
2000+/2009/2009-06/2009-06-08 Catalina Arrives/2009-06-08_1207_3264x2448_2009-06-08 Catalina Arrives_DSC00525.jpg
  -> 2000+/2009/2009-06/2009-06-08 Catalina Arrives/2009-06-08_1207_3264x2448_2009-06-08 Catalina Arrives_DSC00525.jpg
2000+/2009/2009-06/2009-06-10 Catalina in the hospital/2009-06-09_1138_3264x2448_2009-06-10 Catalina in the hospital_DSC00549.jpg
  -> 2000+/2009/2009-06/2009-06-10 Catalina in the hospital/2009-06-09_1138_3264x2448_2009-06-10 Catalina in the hospital_DSC00549.jpg
2000+/2009/2009-06/2009-06-15 Catalina comes home/2009-06-15_1825_3264x2448_2009-06-15 Catalina comes home_DSC00633.jpg
  -> 2000+/2009/2009-06/2009-06-15 Catalina comes home_01/2009-06-15_1825_3264x2448_2009-06-15 Catalina comes home_DSC00633.jpg
2000+/2009/2009-06/2009-06-17 Ethan Birthday/2009-06-16_1353_3264x2448_2009-06-17 Ethan Birthday_DSC00659.jpg
  -> 2000+/2009/2009-06/2009-06-17 Ethan Birthday/2009-06-16_1353_3264x2448_2009-06-17 Ethan Birthday_DSC00659.jpg
2000+/2009/2009-06/2009-06-21 Austin learns to ride bike/2009-06-21_1228_3264x2448_2009-06-21 Austin learns to ride bike_DSC00701.jpg
  -> 2000+/2009/2009-06/2009-06-21 Austin learns to ride bike/2009-06-21_1228_3264x2448_2009-06-21 Austin learns to ride bike_DSC00701.jpg
2000+/2009/2009-06/2009-07-05 Catalina first month/2009-06-24_1600_3264x2448_2009-07-05 Catalina first month_DSC00711.jpg
  -> 2000+/2009/2009-06/2009-07-05 Catalina first month/2009-06-24_1600_3264x2448_2009-07-05 Catalina first month_DSC00711.jpg
2000+/2009/2009-07/2009-07-05 Catalina first month/2009-07-05_1413_3264x2448_2009-07-05 Catalina first month_DSC00731.jpg
  -> 2000+/2009/2009-07/2009-07-05 Catalina first month/2009-07-05_1413_3264x2448_2009-07-05 Catalina first month_DSC00731.jpg
2000+/2009/2009-07/2009-07-09 Zhen Birthday/2009-07-09_1948_3264x2448_2009-07-09 Zhen Birthday_DSC00741.jpg
  -> 2000+/2009/2009-07/2009-07-09 Zhen Birthday/2009-07-09_1948_3264x2448_2009-07-09 Zhen Birthday_DSC00741.jpg
2000+/2009/2009-07/2009-07-25 Catie gets a bath/2009-07-24_2009_3264x2448_2009-07-25 Catie gets a bath_DSC00777.jpg
  -> 2000+/2009/2009-07/2009-07-25 Catie gets a bath/2009-07-24_2009_3264x2448_2009-07-25 Catie gets a bath_DSC00777.jpg
2000+/2009/2009-07/2009-07-26 Clark Quay Boat Ride/2009-07-26_1920_3264x2448_2009-07-26 Clark Quay Boat Ride_DSC00788.jpg
  -> 2000+/2009/2009-07/2009-07-26 Clark Quay Boat Ride/2009-07-26_1920_3264x2448_2009-07-26 Clark Quay Boat Ride_DSC00788.jpg
2000+/2009/2009-07/2009-08-01 East Coast Park and Cutie Catie Beth/2009-07-29_1951_3264x2448_2009-08-01 East Coast Park and Cutie Catie Beth_DSC00809.jpg
  -> 2000+/2009/2009-07/2009-08-01 East Coast Park and Cutie Catie Beth/2009-07-29_1951_3264x2448_2009-08-01 East Coast Park and Cutie Catie Beth_DSC00809.jpg
2000+/2009/2009-07/IMG_0319.JPG
  -> 2000+/2009/2009-07/IMG_0319.JPG
2000+/2009/2009-08/2009-08-01 East Coast Park and Cutie Catie Beth/2009-08-01_1131_3264x2448_2009-08-01 East Coast Park and Cutie Catie Beth_DSC00830.jpg
  -> 2000+/2009/2009-08/2009-08-01 East Coast Park and Cutie Catie Beth/2009-08-01_1131_3264x2448_2009-08-01 East Coast Park and Cutie Catie Beth_DSC00830.jpg
2000+/2009/2009-08/2009-08-08 Singapore Flyer/2009-08-08_1858_3264x2448_2009-08-08 Singapore Flyer_DSC00847.jpg
  -> 2000+/2009/2009-08/2009-08-08 Singapore Flyer/2009-08-08_1858_3264x2448_2009-08-08 Singapore Flyer_DSC00847.jpg
2000+/2009/2009-08/2009-08-14 Paula Ubin/2009-08-13_1636_3264x2448_2009-08-14 Paula Ubin_DSC00893.jpg
  -> 2000+/2009/2009-08/2009-08-14 Paula Ubin/2009-08-13_1636_3264x2448_2009-08-14 Paula Ubin_DSC00893.jpg
2000+/2009/2009-08/2009-08-16 Santee boys at Night Safari/2009-08-16_1743_3264x2448_2009-08-16 Santee boys at Night Safari_DSC00943.jpg
  -> 2000+/2009/2009-08/2009-08-16 Santee boys at Night Safari_01/2009-08-16_1743_3264x2448_2009-08-16 Santee boys at Night Safari_DSC00943.jpg
2000+/2009/2009-08/2009-08-18 Catie Beth/2009-08-17_0828_3264x2448_2009-08-18 Catie Beth_DSC01004.jpg
  -> 2000+/2009/2009-08/2009-08-18 Catie Beth/2009-08-17_0828_3264x2448_2009-08-18 Catie Beth_DSC01004.jpg
2000+/2009/2009-08/2009-08/2009-08-26_1015_297x404_Aug 26, 2009_IMG_0015.jpg
  -> 2000+/2009/2009-08/2009-08/2009-08-26_1015_297x404_Aug 26, 2009_IMG_0015.jpg
2000+/2009/2009-08/2009-09-06 Cub scouts fun day, etc/2009-08-27_1947_3264x2448_2009-09-06 Cub scouts fun day, etc_DSC01013.jpg
  -> 2000+/2009/2009-08/2009-09-06 Cub scouts fun day, etc/2009-08-27_1947_3264x2448_2009-09-06 Cub scouts fun day, etc_DSC01013.jpg
2000+/2009/2009-09/2009-09-06 Cub scouts fun day, etc/2009-09-05_1459_3264x2448_2009-09-06 Cub scouts fun day, etc_DSC01060.jpg
  -> 2000+/2009/2009-09/2009-09-06 Cub scouts fun day, etc/2009-09-05_1459_3264x2448_2009-09-06 Cub scouts fun day, etc_DSC01060.jpg
2000+/2009/2009-09/2009-09-19 Trip to China/2009-09-14_1718_3264x2448_2009-09-19 Trip to China_DSC01119.jpg
  -> 2000+/2009/2009-09/2009-09-19 Trip to China_01/2009-09-14_1718_3264x2448_2009-09-19 Trip to China_DSC01119.jpg
2000+/2009/2009-09/2009-09-25 East Meadows Friends/2009-09-25_1542_3264x2448_2009-09-25 East Meadows Friends_DSC01271.jpg
  -> 2000+/2009/2009-09/2009-09-25 East Meadows Friends/2009-09-25_1542_3264x2448_2009-09-25 East Meadows Friends_DSC01271.jpg
2000+/2009/2009-09/2009-09-26 Boys Baptism/2009-09-26_1806_3264x2448_2009-09-26 Boys Baptism_DSC01280.jpg
  -> 2000+/2009/2009-09/2009-09-26 Boys Baptism/2009-09-26_1806_3264x2448_2009-09-26 Boys Baptism_DSC01280.jpg
2000+/2009/2009-09/2009-10-10 Kids around the condo/2009-09-28_2037_3264x2448_2009-10-10 Kids around the condo_DSC01298.jpg
  -> 2000+/2009/2009-09/2009-10-10 Kids around the condo/2009-09-28_2037_3264x2448_2009-10-10 Kids around the condo_DSC01298.jpg
2000+/2009/2009-10/2009-10-04 Trip to Thailand/2009-10-03_1237_3264x2448_2009-10-04 Trip to Thailand_DSC01457.jpg
  -> 2000+/2009/2009-10/2009-10-04 Trip to Thailand_04/2009-10-03_1237_3264x2448_2009-10-04 Trip to Thailand_DSC01457.jpg
2000+/2009/2009-10/2009-10-07 Austin B-Day party/2009-10-07_1031_3264x2448_2009-10-07 Austin B-Day party_DSC01540.jpg
  -> 2000+/2009/2009-10/2009-10-07 Austin B-Day party/2009-10-07_1031_3264x2448_2009-10-07 Austin B-Day party_DSC01540.jpg
2000+/2009/2009-10/2009-10-10 Kids around the condo/2009-10-09_1732_3264x2448_2009-10-10 Kids around the condo_DSC01585.jpg
  -> 2000+/2009/2009-10/2009-10-10 Kids around the condo/2009-10-09_1732_3264x2448_2009-10-10 Kids around the condo_DSC01585.jpg
2000+/2009/2009-10/2009-10-11 Forest Adventure/2009-10-11_1450_3264x2448_2009-10-11 Forest Adventure_DSC01620.jpg
  -> 2000+/2009/2009-10/2009-10-11 Forest Adventure/2009-10-11_1450_3264x2448_2009-10-11 Forest Adventure_DSC01620.jpg
2000+/2009/2009-10/2009-10-18 Hiking Tree Top Walk/2009-10-18_1147_3264x2448_2009-10-18 Hiking Tree Top Walk_DSC01661.jpg
  -> 2000+/2009/2009-10/2009-10-18 Hiking Tree Top Walk/2009-10-18_1147_3264x2448_2009-10-18 Hiking Tree Top Walk_DSC01661.jpg
2000+/2009/2009-10/2009-10-18 Tree Top Walk/2009-10-17_0741_3264x2448_2009-10-18 Tree Top Walk_DSC01645.jpg
  -> 2000+/2009/2009-10/2009-10-18 Tree Top Walk/2009-10-17_0741_3264x2448_2009-10-18 Tree Top Walk_DSC01645.jpg
2000+/2009/2009-10/2009-10-20 Boys bed to give away/2009-10-20_1925_3264x2448_2009-10-20 Boys bed to give away_DSC01730.jpg
  -> 2000+/2009/2009-10/2009-10-20 Boys bed to give away/2009-10-20_1925_3264x2448_2009-10-20 Boys bed to give away_DSC01730.jpg
2000+/2009/2009-10/2009-10-25 Cub Scout Camp and Pottery Place/2009-10-24_1752_3264x2448_2009-10-25 Cub Scout Camp and Pottery Place_DSC01757.jpg
  -> 2000+/2009/2009-10/2009-10-25 Cub Scout Camp and Pottery Place_01/2009-10-24_1752_3264x2448_2009-10-25 Cub Scout Camp and Pottery Place_DSC01757.jpg
2000+/2009/2009-10/2009-10-27 Women's Forrest Adventure/2009-10-27_1018_3264x2448_2009-10-27 Women's Forrest Adventure_DSC01825.jpg
  -> 2000+/2009/2009-10/2009-10-27 Women's Forrest Adventure/2009-10-27_1018_3264x2448_2009-10-27 Women's Forrest Adventure_DSC01825.jpg
2000+/2009/2009-10/2009-10-29 Rex Credit Suisse Farewell/2009-10-29_1613_3264x2448_2009-10-29 Rex Credit Suisse Farewell_DSC01851.jpg
  -> 2000+/2009/2009-10/2009-10-29 Rex Credit Suisse Farewell_01/2009-10-29_1613_3264x2448_2009-10-29 Rex Credit Suisse Farewell_DSC01851.jpg
2000+/2009/2009-11/2009-12-20 Winter in NC/2009-11-29_0210_3264x2448_2009-12-20 Winter in NC_DSC02293.jpg
  -> 2000+/2009/2009-11/2009-12-20 Winter in NC/2009-11-29_0210_3264x2448_2009-12-20 Winter in NC_DSC02293.jpg
2000+/2009/2009-12/2009-12-20 Winter in NC/2009-12-18_1354_1600x1200_2009-12-20 Winter in NC_IMG_0024.jpg
  -> 2000+/2009/2009-12/2009-12-20 Winter in NC/2009-12-18_1354_1600x1200_2009-12-20 Winter in NC_IMG_0024.jpg
2000+/2009/2009-12/2009-12-28 Christmas at Nanas/2009-12-26_0546_3264x2448_2009-12-28 Christmas at Nanas_DSC02344.jpg
  -> 2000+/2009/2009-12/2009-12-28 Christmas at Nanas_02/2009-12-26_0546_3264x2448_2009-12-28 Christmas at Nanas_DSC02344.jpg
2000+/2009/2009-12/2009-12-30_1031_1280x800_Downloaded Images_02128_meow_1280x800.jpg
  -> 2000+/2009/2009-12/2009-12-30_1031_1280x800_Downloaded Images_02128_meow_1280x800.jpg
2000+/2009/2009-12/2009-12-31 522 Siltstone/2009-12-27_1513_2048x1536_2009-12-31 522 Siltstone_IMG00024-20091229-1742.jpg
  -> 2000+/2009/2009-12/2009-12-31 522 Siltstone/2009-12-27_1513_2048x1536_2009-12-31 522 Siltstone_IMG00024-20091229-1742.jpg
2000+/2009/2009-12/20121127-231359/2009-12-31_1900_540x720_20121127-231359_jen and deb oakfield goodbye.jpg
  -> 2000+/2009/2009-12/20121127-231359/2009-12-31_1900_540x720_20121127-231359_jen and deb oakfield goodbye.jpg

# MULTIPLE MATCHES DETAIL

2000+/2004/2004-01/Colin superman knight 2004-COLLAGE.jpg
  - 2000+/2004/2004-01/Colin superman knight 2004-COLLAGE.jpg
  - 2000+/2004/2004-01/Photos from 2021/Colin superman knight 2004-COLLAGE.jpg

2000+/2004/2004-01/Photos from 2021/Colin superman knight 2004-COLLAGE.jpg
  - 2000+/2004/2004-01/Colin superman knight 2004-COLLAGE.jpg
  - 2000+/2004/2004-01/Photos from 2021/Colin superman knight 2004-COLLAGE.jpg
